# Observed by B. Schmidt
# Reduced by K. Auchettl
# On 31/10/2024, 23:47:56
# Using DEbass pipeline: v01
# Using metadata: m01
#
# Wavelength Flux Error
3502.32	5.1263e+00	6.0709e+00
3503.10	1.9668e+01	6.1212e+00
3503.87	1.1926e+01	6.0589e+00
3504.65	2.2571e+01	5.9666e+00
3505.42	1.7841e+01	5.8459e+00
3506.20	1.3868e+01	5.7961e+00
3506.97	9.1480e+00	5.8753e+00
3507.75	-2.5273e+00	6.1072e+00
3508.52	1.3301e+01	6.0895e+00
3509.30	1.5592e+01	5.9821e+00
3510.07	8.4462e+00	5.8356e+00
3510.85	6.4358e+00	5.7793e+00
3511.62	1.5287e+01	5.7891e+00
3512.40	1.7347e+01	5.7575e+00
3513.17	2.1458e+01	5.6524e+00
3513.95	1.5579e+01	5.6650e+00
3514.72	2.2087e+01	5.5470e+00
3515.50	1.3546e+01	5.6185e+00
3516.27	1.2753e+01	5.6107e+00
3517.05	8.8845e+00	5.5983e+00
3517.82	9.3476e+00	5.5583e+00
3518.60	2.7578e+00	5.5306e+00
3519.37	8.4205e+00	5.4259e+00
3520.15	2.0519e+01	5.4278e+00
3520.92	1.3603e+01	5.5002e+00
3521.70	3.4669e+00	5.4627e+00
3522.47	1.1927e+00	5.3726e+00
3523.25	1.5465e+01	5.3499e+00
3524.02	2.3174e+01	5.3207e+00
3524.80	1.3886e+01	5.3317e+00
3525.57	2.3266e+00	5.3063e+00
3526.34	-8.0411e-01	5.2168e+00
3527.12	6.4821e+00	5.2319e+00
3527.89	1.1786e+01	5.2810e+00
3528.67	6.0386e+00	5.2063e+00
3529.44	-1.3664e+00	5.0738e+00
3530.22	3.5257e+00	5.0881e+00
3530.99	3.6440e+00	5.0896e+00
3531.77	1.4577e+01	4.9820e+00
3532.54	7.9954e+00	5.0697e+00
3533.32	1.2960e+01	5.1399e+00
3534.09	2.2173e+01	5.1196e+00
3534.87	2.4611e+01	5.1428e+00
3535.64	1.3991e+01	5.0562e+00
3536.42	6.1266e+00	4.9781e+00
3537.19	8.3087e+00	5.0554e+00
3537.97	8.8772e-02	5.0187e+00
3538.74	3.6556e+00	4.9887e+00
3539.52	1.1833e+01	4.9764e+00
3540.29	2.2337e+01	5.2937e+00
3541.07	2.6586e+01	5.5115e+00
3541.84	2.7194e+01	5.3030e+00
3542.62	1.5185e+01	5.1028e+00
3543.39	1.7743e+01	5.0696e+00
3544.17	2.7325e+01	4.9624e+00
3544.94	1.3556e+01	5.0038e+00
3545.72	1.6388e+01	5.0266e+00
3546.49	8.8784e+00	4.9717e+00
3547.27	6.5422e+00	4.9703e+00
3548.04	4.6966e+00	4.9445e+00
3548.82	6.5752e+00	4.9185e+00
3549.59	5.4240e+00	5.0292e+00
3550.37	1.7398e+00	4.9199e+00
3551.14	-8.4344e-01	4.8632e+00
3551.92	1.0402e+01	4.9056e+00
3552.69	2.0457e+01	4.8697e+00
3553.46	1.8258e+01	4.8849e+00
3554.24	1.0645e+01	4.8922e+00
3555.01	1.3314e+01	4.8725e+00
3555.79	1.6863e+01	4.8297e+00
3556.56	1.6020e+01	4.7821e+00
3557.34	1.6047e+01	4.6819e+00
3558.11	4.2879e+00	4.6170e+00
3558.89	1.0508e+01	4.6640e+00
3559.66	1.1645e+01	4.7187e+00
3560.44	1.0453e+01	4.8368e+00
3561.21	1.6821e+01	4.8258e+00
3561.99	1.2133e+01	4.7603e+00
3562.76	2.0183e+01	4.7064e+00
3563.54	1.3533e+01	4.6204e+00
3564.31	7.8025e+00	4.5783e+00
3565.09	1.1271e+01	4.5916e+00
3565.86	1.7100e+01	4.6220e+00
3566.64	1.2254e+01	4.6519e+00
3567.41	8.7150e+00	4.5769e+00
3568.19	6.3987e+00	4.5171e+00
3568.96	8.5590e+00	4.5563e+00
3569.74	-7.7559e-01	4.5729e+00
3570.51	1.5167e+01	4.5006e+00
3571.29	1.1986e+01	4.5302e+00
3572.06	1.1718e+01	4.5625e+00
3572.84	8.4509e+00	4.6334e+00
3573.61	1.4040e+01	4.5827e+00
3574.39	1.5631e+01	4.5209e+00
3575.16	8.5064e+00	4.3910e+00
3575.94	9.2893e+00	4.4011e+00
3576.71	7.1140e+00	4.3685e+00
3577.49	8.0462e+00	4.3247e+00
3578.26	8.8726e+00	4.2520e+00
3579.03	1.9316e+01	4.2784e+00
3579.81	1.8778e+01	4.3018e+00
3580.58	4.3847e+00	4.2543e+00
3581.36	1.4757e+01	4.2504e+00
3582.13	1.2015e+01	4.2017e+00
3582.91	4.6669e+00	4.1770e+00
3583.68	1.4910e+01	4.1973e+00
3584.46	9.5541e+00	4.2364e+00
3585.23	1.3900e+01	4.3497e+00
3586.01	1.2686e+01	4.3973e+00
3586.78	1.6744e+01	4.3216e+00
3587.56	1.8001e+01	4.1980e+00
3588.33	1.7913e+01	4.1191e+00
3589.11	9.2584e+00	4.0894e+00
3589.88	1.1813e+01	4.1167e+00
3590.66	1.0197e+01	4.1616e+00
3591.43	1.0210e+01	4.2141e+00
3592.21	1.3563e+01	4.2812e+00
3592.98	1.0216e+01	4.2584e+00
3593.76	1.2481e+01	4.1997e+00
3594.53	9.0994e+00	4.1771e+00
3595.31	7.4686e+00	4.1703e+00
3596.08	8.9840e+00	4.1324e+00
3596.86	6.9579e+00	4.0356e+00
3597.63	7.7838e+00	4.0690e+00
3598.41	1.5807e+01	4.0549e+00
3599.18	1.0260e+01	4.1466e+00
3599.96	1.1573e+01	4.1958e+00
3600.73	1.6638e+01	4.1299e+00
3601.51	1.7761e+01	4.1001e+00
3602.28	2.1722e+01	4.1123e+00
3603.06	2.3036e+01	4.0768e+00
3603.83	7.4602e+00	4.0589e+00
3604.61	1.7125e+01	4.0015e+00
3605.38	2.7110e+01	3.9331e+00
3606.15	1.6606e+01	3.9329e+00
3606.93	1.2323e+01	4.0361e+00
3607.70	1.1215e+01	4.0341e+00
3608.48	1.5298e+01	4.0317e+00
3609.25	8.0510e+00	3.9445e+00
3610.03	1.9292e+01	3.9350e+00
3610.80	3.6386e+00	3.9482e+00
3611.58	1.0945e+01	3.8835e+00
3612.35	1.0042e+01	3.8308e+00
3613.13	1.6088e+01	3.9137e+00
3613.90	2.1849e+01	3.8475e+00
3614.68	5.6566e+00	3.7934e+00
3615.45	8.9256e+00	3.7951e+00
3616.23	1.4085e+01	3.7827e+00
3617.00	7.8154e+00	3.7713e+00
3617.78	1.1956e+01	3.7788e+00
3618.55	1.7441e+01	3.8605e+00
3619.33	3.6615e+00	3.7747e+00
3620.10	4.8601e+00	3.7628e+00
3620.88	1.2252e+01	3.7563e+00
3621.65	1.4521e+01	3.7808e+00
3622.43	5.7306e+00	3.6996e+00
3623.20	8.1178e+00	3.6939e+00
3623.98	6.0110e+00	3.6777e+00
3624.75	1.0356e+01	3.6792e+00
3625.53	1.1116e+01	3.7052e+00
3626.30	1.3492e+01	3.6543e+00
3627.08	8.8445e+00	3.8471e+00
3627.85	-1.7404e+00	3.9250e+00
3628.63	8.7876e+00	3.8161e+00
3629.40	2.4088e+01	3.7184e+00
3630.18	1.9406e+01	3.6808e+00
3630.95	1.5684e+01	3.7251e+00
3631.72	1.4604e+01	3.6926e+00
3632.50	4.4858e+00	3.6529e+00
3633.27	9.1450e+00	3.5807e+00
3634.05	7.2979e+00	3.5772e+00
3634.82	8.7913e-01	3.6122e+00
3635.60	4.1726e+00	3.5845e+00
3636.37	1.0808e+01	3.5800e+00
3637.15	9.7277e+00	3.5744e+00
3637.92	1.4953e+01	3.5565e+00
3638.70	1.5275e+01	3.5981e+00
3639.47	1.1307e+01	3.6077e+00
3640.25	9.3745e+00	3.5466e+00
3641.02	1.0979e+01	3.5566e+00
3641.80	1.1748e+01	3.5025e+00
3642.57	1.8829e+01	3.4679e+00
3643.35	1.1497e+01	3.4889e+00
3644.12	1.3191e+01	3.6423e+00
3644.90	1.2390e+01	3.6120e+00
3645.67	1.0000e+01	3.5703e+00
3646.45	7.6900e+00	3.4641e+00
3647.22	1.2723e+01	3.4173e+00
3648.00	9.4759e+00	3.4016e+00
3648.77	1.3887e+01	3.4350e+00
3649.55	1.2822e+01	3.4695e+00
3650.32	1.6699e+01	3.4417e+00
3651.10	1.6890e+01	3.3948e+00
3651.87	1.0309e+01	3.3600e+00
3652.65	8.4876e+00	3.3832e+00
3653.42	1.3490e+01	3.3821e+00
3654.20	1.0775e+01	3.3069e+00
3654.97	8.1381e+00	3.2478e+00
3655.75	7.4906e+00	3.2872e+00
3656.52	1.4034e+01	3.2466e+00
3657.29	8.4161e+00	3.2236e+00
3658.07	7.0755e+00	3.2580e+00
3658.84	9.6345e+00	3.2400e+00
3659.62	1.5608e+01	3.1925e+00
3660.39	1.2970e+01	3.1920e+00
3661.17	1.1012e+01	3.1611e+00
3661.94	1.2676e+01	3.1610e+00
3662.72	1.5902e+01	3.1833e+00
3663.49	7.6013e+00	3.1987e+00
3664.27	1.1127e+01	3.1593e+00
3665.04	1.0834e+01	3.0822e+00
3665.82	9.8727e+00	3.0862e+00
3666.59	1.6192e+01	3.0795e+00
3667.37	2.1376e+01	3.0707e+00
3668.14	1.7659e+01	3.0382e+00
3668.92	1.1328e+01	3.0200e+00
3669.69	1.1061e+01	3.0481e+00
3670.47	1.0764e+01	3.1001e+00
3671.24	1.0416e+01	3.1193e+00
3672.02	3.5598e+00	3.0542e+00
3672.79	9.5176e+00	3.0206e+00
3673.57	1.0397e+01	3.0213e+00
3674.34	8.1850e+00	2.9920e+00
3675.12	6.1730e+00	2.9881e+00
3675.89	5.1344e+00	2.9841e+00
3676.67	6.1563e+00	2.9649e+00
3677.44	7.8625e+00	2.9761e+00
3678.22	1.3210e+01	2.9538e+00
3678.99	1.4044e+01	2.9747e+00
3679.77	8.5808e+00	2.9999e+00
3680.54	1.5973e+01	2.9889e+00
3681.32	1.3180e+01	2.9264e+00
3682.09	1.7261e+01	2.9034e+00
3682.87	9.1363e+00	2.8849e+00
3683.64	3.4006e+00	2.8686e+00
3684.41	4.6960e+00	2.8757e+00
3685.19	6.1248e+00	2.8535e+00
3685.96	1.2177e+01	2.8367e+00
3686.74	1.2351e+01	2.8493e+00
3687.51	5.7388e+00	2.8256e+00
3688.29	1.5722e+01	2.8320e+00
3689.06	7.4637e+00	2.8158e+00
3689.84	1.0488e+01	2.7850e+00
3690.61	1.0551e+01	2.7945e+00
3691.39	1.0651e+01	2.7391e+00
3692.16	1.0753e+01	2.7195e+00
3692.94	1.0441e+01	2.7051e+00
3693.71	7.5153e+00	2.7061e+00
3694.49	5.3092e+00	2.6864e+00
3695.26	1.0172e+01	2.6987e+00
3696.04	9.4742e+00	2.7124e+00
3696.81	1.0977e+01	2.7014e+00
3697.59	6.4231e+00	2.6720e+00
3698.36	1.6913e+01	2.6530e+00
3699.14	1.7651e+01	2.6588e+00
3699.91	9.3250e+00	2.6371e+00
3700.69	7.9123e+00	2.6157e+00
3701.46	6.7138e+00	2.6085e+00
3702.24	1.0134e+01	2.6215e+00
3703.01	1.4571e+01	2.6348e+00
3703.79	1.1778e+01	2.6011e+00
3704.56	1.0586e+01	2.5619e+00
3705.34	1.1853e+01	2.5651e+00
3706.11	8.9081e+00	2.5738e+00
3706.89	1.4466e+01	2.5717e+00
3707.66	1.6150e+01	2.5320e+00
3708.44	1.3408e+01	2.5233e+00
3709.21	1.1801e+01	2.5187e+00
3709.98	9.5689e+00	2.5032e+00
3710.76	8.0207e+00	2.4748e+00
3711.53	1.3240e+01	2.4929e+00
3712.31	9.7442e+00	2.4818e+00
3713.08	8.6167e+00	2.4708e+00
3713.86	1.8363e+01	2.4922e+00
3714.63	9.9481e+00	2.4581e+00
3715.41	1.1345e+01	2.4293e+00
3716.18	5.3792e+00	2.4264e+00
3716.96	8.7778e+00	2.4425e+00
3717.73	9.5698e+00	2.4416e+00
3718.51	1.1258e+01	2.4267e+00
3719.28	1.4271e+01	2.4237e+00
3720.06	1.1907e+01	2.4149e+00
3720.83	1.2419e+01	2.4037e+00
3721.61	1.5003e+01	2.3978e+00
3722.38	1.0922e+01	2.3860e+00
3723.16	9.6807e+00	2.3847e+00
3723.93	1.2157e+01	2.3906e+00
3724.71	5.0671e+00	2.3696e+00
3725.48	5.8273e+00	2.3550e+00
3726.26	8.4869e+00	2.3638e+00
3727.03	1.1679e+01	2.3633e+00
3727.81	9.5610e+00	2.3286e+00
3728.58	7.1912e+00	2.3101e+00
3729.36	7.8243e+00	2.3989e+00
3730.13	7.9900e+00	2.3963e+00
3730.91	1.4126e+01	2.3011e+00
3731.68	1.1232e+01	2.3347e+00
3732.46	9.8222e+00	2.3073e+00
3733.23	7.1801e+00	2.2943e+00
3734.01	1.0818e+01	2.2777e+00
3734.78	1.3493e+01	2.2687e+00
3735.56	1.0933e+01	2.2678e+00
3736.33	3.5594e+00	2.2719e+00
3737.10	8.2244e+00	2.2343e+00
3737.88	1.2833e+01	2.2269e+00
3738.65	1.4243e+01	2.1990e+00
3739.43	1.3222e+01	2.1792e+00
3740.20	9.6810e+00	2.1627e+00
3740.98	1.5398e+01	2.1792e+00
3741.75	1.2949e+01	2.1562e+00
3742.53	1.2588e+01	2.1559e+00
3743.30	1.4023e+01	2.1502e+00
3744.08	8.6004e+00	2.1520e+00
3744.85	7.8785e+00	2.1435e+00
3745.63	1.3070e+01	2.1404e+00
3746.40	1.3139e+01	2.1158e+00
3747.18	1.2300e+01	2.1187e+00
3747.95	6.3335e+00	2.1316e+00
3748.73	7.6167e+00	2.1247e+00
3749.50	1.4111e+01	2.0933e+00
3750.28	1.2325e+01	2.0660e+00
3751.05	1.3363e+01	2.0374e+00
3751.83	1.5845e+01	2.0595e+00
3752.60	1.4737e+01	2.0692e+00
3753.38	1.0294e+01	2.0606e+00
3754.15	1.7447e+01	2.0623e+00
3754.93	7.6984e+00	2.0499e+00
3755.70	1.1431e+01	2.0524e+00
3756.48	1.2369e+01	2.0446e+00
3757.25	1.1637e+01	2.0143e+00
3758.03	1.0586e+01	2.0053e+00
3758.80	9.2277e+00	2.0094e+00
3759.58	8.5497e+00	2.0050e+00
3760.35	1.3108e+01	2.0015e+00
3761.13	1.1372e+01	1.9939e+00
3761.90	1.1443e+01	1.9913e+00
3762.67	1.0910e+01	1.9771e+00
3763.45	7.5884e+00	1.9582e+00
3764.22	1.1155e+01	1.9546e+00
3765.00	1.3568e+01	1.9495e+00
3765.77	1.1275e+01	1.9458e+00
3766.55	1.3088e+01	1.9443e+00
3767.32	1.2570e+01	1.9302e+00
3768.10	1.7468e+01	1.9368e+00
3768.87	1.5814e+01	1.9427e+00
3769.65	1.3836e+01	1.9364e+00
3770.42	1.1088e+01	1.9332e+00
3771.20	1.5599e+01	1.9367e+00
3771.97	1.3680e+01	1.9245e+00
3772.75	1.1648e+01	1.9084e+00
3773.52	7.8695e+00	1.8976e+00
3774.30	1.1976e+01	1.8976e+00
3775.07	8.8823e+00	1.8978e+00
3775.85	1.4480e+01	1.8898e+00
3776.62	9.4474e+00	1.8714e+00
3777.40	8.8916e+00	1.8657e+00
3778.17	1.0527e+01	1.8729e+00
3778.95	1.1886e+01	1.8655e+00
3779.72	1.5712e+01	1.8601e+00
3780.50	1.4788e+01	1.8529e+00
3781.27	1.0912e+01	1.8418e+00
3782.05	1.0128e+01	1.8285e+00
3782.82	1.2412e+01	1.8254e+00
3783.60	5.1812e+00	1.8189e+00
3784.37	9.4876e+00	1.8051e+00
3785.15	9.1323e+00	1.8096e+00
3785.92	9.7558e+00	1.8061e+00
3786.70	8.8051e+00	1.7872e+00
3787.47	1.0927e+01	1.7793e+00
3788.24	1.0009e+01	1.7815e+00
3789.02	1.0522e+01	1.7743e+00
3789.79	1.3322e+01	1.7637e+00
3790.57	1.5264e+01	1.7546e+00
3791.34	1.2122e+01	1.7461e+00
3792.12	1.4176e+01	1.7496e+00
3792.89	1.2058e+01	1.7281e+00
3793.67	1.2551e+01	1.7097e+00
3794.44	1.1265e+01	1.7032e+00
3795.22	1.3581e+01	1.6991e+00
3795.99	1.2803e+01	1.6925e+00
3796.77	1.2739e+01	1.6976e+00
3797.54	1.6272e+01	1.7151e+00
3798.32	2.8110e+01	1.7261e+00
3799.09	3.4476e+01	1.7264e+00
3799.87	2.8631e+01	1.7139e+00
3800.64	2.8462e+01	1.7135e+00
3801.42	3.9836e+01	1.7198e+00
3802.19	4.4648e+01	1.7236e+00
3802.97	2.5281e+01	1.6768e+00
3803.74	1.3205e+01	1.6496e+00
3804.52	1.4390e+01	1.6552e+00
3805.29	1.1995e+01	1.6469e+00
3806.07	1.1291e+01	1.6331e+00
3806.84	1.2139e+01	1.6376e+00
3807.62	9.1385e+00	1.6299e+00
3808.39	7.1646e+00	1.6262e+00
3809.17	4.7914e+00	1.6247e+00
3809.94	8.3822e+00	1.6795e+00
3810.72	1.2365e+01	1.7056e+00
3811.49	1.1290e+01	1.7127e+00
3812.27	1.2499e+01	1.6944e+00
3813.04	8.9860e+00	1.6319e+00
3813.82	7.1280e+00	1.6191e+00
3814.59	1.0262e+01	1.6181e+00
3815.36	6.7054e+00	1.6037e+00
3816.14	1.3148e+01	1.5834e+00
3816.91	1.3965e+01	1.5877e+00
3817.69	1.3358e+01	1.5791e+00
3818.46	8.9459e+00	1.5712e+00
3819.24	1.0120e+01	1.5601e+00
3820.01	8.6584e+00	1.5495e+00
3820.79	8.8867e+00	1.5597e+00
3821.56	1.1466e+01	1.5680e+00
3822.34	9.2795e+00	1.5476e+00
3823.11	1.1259e+01	1.5355e+00
3823.89	8.5589e+00	1.5155e+00
3824.66	9.1710e+00	1.5197e+00
3825.44	1.0842e+01	1.5298e+00
3826.21	9.9227e+00	1.5325e+00
3826.99	1.2713e+01	1.5252e+00
3827.76	1.1060e+01	1.5227e+00
3828.54	1.1454e+01	1.5280e+00
3829.31	9.5629e+00	1.5164e+00
3830.09	9.7568e+00	1.5136e+00
3830.86	1.0289e+01	1.4993e+00
3831.64	1.3288e+01	1.4909e+00
3832.41	1.0762e+01	1.4817e+00
3833.19	1.1110e+01	1.4763e+00
3833.96	1.3603e+01	1.4793e+00
3834.74	8.9543e+00	1.4873e+00
3835.51	1.0921e+01	1.4885e+00
3836.29	1.0137e+01	1.4738e+00
3837.06	9.4010e+00	1.4918e+00
3837.84	1.2450e+01	1.5154e+00
3838.61	1.0635e+01	1.5151e+00
3839.39	1.0592e+01	1.4974e+00
3840.16	1.0348e+01	1.4643e+00
3840.93	1.0524e+01	1.4507e+00
3841.71	9.6300e+00	1.4632e+00
3842.48	1.1394e+01	1.4516e+00
3843.26	6.0633e+00	1.4455e+00
3844.03	6.6742e+00	1.4321e+00
3844.81	1.0575e+01	1.4442e+00
3845.58	5.4441e+00	1.4462e+00
3846.36	5.4047e+00	1.4465e+00
3847.13	7.1228e+00	1.4251e+00
3847.91	7.5787e+00	1.4229e+00
3848.68	1.0600e+01	1.4230e+00
3849.46	1.0497e+01	1.4291e+00
3850.23	1.2987e+01	1.4268e+00
3851.01	1.4203e+01	1.4352e+00
3851.78	1.0839e+01	1.4302e+00
3852.56	1.1026e+01	1.4146e+00
3853.33	9.1521e+00	1.4108e+00
3854.11	1.1820e+01	1.4040e+00
3854.88	1.2177e+01	1.4186e+00
3855.66	1.2355e+01	1.4118e+00
3856.43	1.2188e+01	1.4060e+00
3857.21	1.2371e+01	1.4107e+00
3857.98	8.7156e+00	1.3994e+00
3858.76	1.4012e+01	1.3891e+00
3859.53	1.0440e+01	1.3780e+00
3860.31	9.4232e+00	1.3793e+00
3861.08	9.0435e+00	1.3837e+00
3861.86	1.0674e+01	1.3804e+00
3862.63	1.0750e+01	1.3717e+00
3863.41	1.1906e+01	1.3706e+00
3864.18	1.2508e+01	1.3691e+00
3864.96	1.4222e+01	1.3541e+00
3865.73	8.8838e+00	1.3522e+00
3866.51	1.0445e+01	1.3589e+00
3867.28	1.0361e+01	1.3604e+00
3868.05	9.3735e+00	1.3469e+00
3868.83	9.9831e+00	1.3350e+00
3869.60	1.0563e+01	1.3438e+00
3870.38	8.3286e+00	1.3377e+00
3871.15	8.8624e+00	1.3399e+00
3871.93	9.2275e+00	1.3320e+00
3872.70	1.0518e+01	1.3371e+00
3873.48	5.6496e+00	1.3293e+00
3874.25	6.1676e+00	1.3214e+00
3875.03	1.0220e+01	1.3184e+00
3875.80	1.0063e+01	1.3220e+00
3876.58	9.5852e+00	1.3330e+00
3877.35	9.9387e+00	1.3314e+00
3878.13	8.7423e+00	1.3242e+00
3878.90	1.2931e+01	1.3198e+00
3879.68	7.9678e+00	1.3096e+00
3880.45	1.1907e+01	1.3110e+00
3881.23	1.0704e+01	1.3075e+00
3882.00	8.0576e+00	1.3064e+00
3882.78	1.0635e+01	1.3072e+00
3883.55	1.0505e+01	1.3055e+00
3884.33	9.6696e+00	1.2948e+00
3885.10	1.1661e+01	1.2901e+00
3885.88	1.1432e+01	1.3328e+00
3886.65	8.9669e+00	1.4074e+00
3887.43	1.0802e+01	1.3696e+00
3888.20	1.0490e+01	1.2808e+00
3888.98	1.0513e+01	1.2814e+00
3889.75	9.3105e+00	1.2823e+00
3890.53	9.3090e+00	1.2800e+00
3891.30	9.9117e+00	1.2743e+00
3892.08	9.9818e+00	1.2737e+00
3892.85	9.6188e+00	1.2739e+00
3893.62	9.1878e+00	1.2633e+00
3894.40	1.3643e+01	1.2512e+00
3895.17	9.0193e+00	1.2583e+00
3895.95	1.0197e+01	1.2538e+00
3896.72	9.3389e+00	1.2515e+00
3897.50	7.8824e+00	1.2461e+00
3898.27	7.6572e+00	1.2402e+00
3899.05	1.2633e+01	1.2390e+00
3899.82	9.6150e+00	1.2347e+00
3900.60	1.1962e+01	1.2464e+00
3901.37	8.7785e+00	1.2725e+00
3902.15	1.0337e+01	1.2242e+00
3902.92	1.0895e+01	1.2130e+00
3903.70	1.1364e+01	1.2169e+00
3904.47	1.1231e+01	1.2207e+00
3905.25	8.4892e+00	1.2164e+00
3906.02	1.2090e+01	1.2108e+00
3906.80	7.0999e+00	1.2035e+00
3907.57	8.6177e+00	1.2072e+00
3908.35	1.0796e+01	1.1992e+00
3909.12	9.6076e+00	1.2073e+00
3909.90	1.0480e+01	1.2057e+00
3910.67	1.0422e+01	1.1960e+00
3911.45	1.0985e+01	1.1923e+00
3912.22	8.4258e+00	1.1939e+00
3913.00	9.4267e+00	1.1880e+00
3913.77	1.1734e+01	1.1889e+00
3914.55	9.5681e+00	1.1818e+00
3915.32	6.7896e+00	1.1902e+00
3916.10	8.6250e+00	1.1897e+00
3916.87	1.5016e+01	1.1858e+00
3917.65	1.1611e+01	1.1850e+00
3918.42	8.1311e+00	1.1691e+00
3919.19	1.0002e+01	1.1644e+00
3919.97	1.1456e+01	1.1696e+00
3920.74	9.7169e+00	1.1755e+00
3921.52	9.5282e+00	1.1721e+00
3922.29	8.9411e+00	1.1751e+00
3923.07	1.0703e+01	1.1768e+00
3923.84	1.0249e+01	1.1649e+00
3924.62	1.1320e+01	1.1630e+00
3925.39	8.8392e+00	1.1608e+00
3926.17	9.2539e+00	1.1607e+00
3926.94	8.9837e+00	1.1605e+00
3927.72	6.0985e+00	1.1601e+00
3928.49	7.9221e+00	1.1578e+00
3929.27	8.5533e+00	1.1568e+00
3930.04	1.0066e+01	1.1573e+00
3930.82	1.0335e+01	1.1618e+00
3931.59	1.1060e+01	1.1487e+00
3932.37	1.2538e+01	1.1506e+00
3933.14	1.0900e+01	1.1400e+00
3933.92	8.6200e+00	1.1421e+00
3934.69	8.6447e+00	1.1423e+00
3935.47	1.1971e+01	1.1420e+00
3936.24	1.0922e+01	1.1422e+00
3937.02	1.2110e+01	1.1428e+00
3937.79	1.1931e+01	1.1465e+00
3938.57	1.0642e+01	1.1424e+00
3939.34	1.0657e+01	1.1367e+00
3940.12	1.2624e+01	1.1341e+00
3940.89	1.0530e+01	1.1266e+00
3941.67	1.0375e+01	1.1259e+00
3942.44	1.2145e+01	1.1283e+00
3943.22	1.2477e+01	1.1183e+00
3943.99	1.0451e+01	1.1279e+00
3944.77	1.5613e+01	1.1303e+00
3945.54	1.3870e+01	1.1223e+00
3946.31	1.0986e+01	1.1195e+00
3947.09	1.1574e+01	1.1261e+00
3947.86	8.7944e+00	1.1268e+00
3948.64	1.0416e+01	1.1123e+00
3949.41	9.3835e+00	1.1112e+00
3950.19	7.8760e+00	1.1153e+00
3950.96	9.9346e+00	1.1128e+00
3951.74	1.0798e+01	1.1098e+00
3952.51	1.0631e+01	1.1084e+00
3953.29	8.3289e+00	1.1051e+00
3954.06	7.9463e+00	1.0991e+00
3954.84	8.8345e+00	1.1116e+00
3955.61	7.7146e+00	1.1080e+00
3956.39	9.1097e+00	1.0955e+00
3957.16	1.0698e+01	1.0923e+00
3957.94	1.1371e+01	1.0833e+00
3958.71	1.1859e+01	1.0886e+00
3959.49	1.0630e+01	1.0922e+00
3960.26	8.8343e+00	1.0822e+00
3961.04	1.2172e+01	1.0944e+00
3961.81	1.1274e+01	1.0881e+00
3962.59	9.0147e+00	1.0761e+00
3963.36	7.8642e+00	1.0782e+00
3964.14	1.1249e+01	1.0791e+00
3964.91	1.0096e+01	1.0822e+00
3965.69	9.2061e+00	1.0746e+00
3966.46	9.7385e+00	1.0686e+00
3967.24	1.2008e+01	1.0702e+00
3968.01	8.7359e+00	1.0634e+00
3968.79	1.0297e+01	1.0575e+00
3969.56	7.3503e+00	1.0482e+00
3970.34	1.0536e+01	1.0595e+00
3971.11	1.0543e+01	1.0595e+00
3971.88	1.3258e+01	1.0616e+00
3972.66	9.8651e+00	1.0590e+00
3973.43	1.1396e+01	1.0525e+00
3974.21	8.8788e+00	1.0461e+00
3974.98	1.2282e+01	1.0472e+00
3975.76	9.2401e+00	1.0428e+00
3976.53	7.3699e+00	1.0500e+00
3977.31	1.3099e+01	1.0482e+00
3978.08	1.0392e+01	1.0394e+00
3978.86	9.2142e+00	1.0442e+00
3979.63	1.2044e+01	1.0462e+00
3980.41	1.2312e+01	1.0413e+00
3981.18	1.2260e+01	1.0416e+00
3981.96	9.6690e+00	1.0355e+00
3982.73	1.0328e+01	1.0323e+00
3983.51	1.3423e+01	1.0407e+00
3984.28	1.0615e+01	1.0350e+00
3985.06	1.1223e+01	1.0254e+00
3985.83	1.2182e+01	1.0265e+00
3986.61	9.9861e+00	1.0171e+00
3987.38	1.2631e+01	1.0232e+00
3988.16	1.0918e+01	1.0234e+00
3988.93	1.1561e+01	1.0257e+00
3989.71	1.0280e+01	1.0206e+00
3990.48	1.0517e+01	1.0190e+00
3991.26	1.1081e+01	1.0194e+00
3992.03	1.0159e+01	1.0243e+00
3992.81	1.0198e+01	1.0181e+00
3993.58	1.0422e+01	1.0126e+00
3994.36	1.0129e+01	1.0087e+00
3995.13	8.9973e+00	1.0088e+00
3995.91	1.1220e+01	1.0090e+00
3996.68	1.2153e+01	1.0097e+00
3997.46	1.1840e+01	1.0081e+00
3998.23	9.1727e+00	1.0101e+00
3999.00	1.0576e+01	1.0065e+00
3999.78	1.0199e+01	1.0025e+00
4000.55	1.0268e+01	1.0017e+00
4001.33	1.1036e+01	9.9753e-01
4002.10	1.0905e+01	1.0003e+00
4002.88	9.3193e+00	9.9322e-01
4003.65	1.0708e+01	9.9924e-01
4004.43	1.0253e+01	9.9627e-01
4005.20	9.2787e+00	9.9199e-01
4005.98	1.0741e+01	9.8898e-01
4006.75	1.0453e+01	9.9267e-01
4007.53	1.2196e+01	9.9911e-01
4008.30	1.2744e+01	9.9887e-01
4009.08	1.0526e+01	9.8559e-01
4009.85	8.1930e+00	9.8397e-01
4010.63	7.9442e+00	9.8121e-01
4011.40	1.0489e+01	9.8757e-01
4012.18	7.8006e+00	9.8344e-01
4012.95	8.8781e+00	9.8950e-01
4013.73	1.0967e+01	9.9094e-01
4014.50	9.1942e+00	9.8546e-01
4015.28	1.0997e+01	9.8742e-01
4016.05	9.3315e+00	9.8302e-01
4016.83	7.9388e+00	9.7454e-01
4017.60	1.1055e+01	9.8020e-01
4018.38	1.2162e+01	9.7448e-01
4019.15	1.0773e+01	9.6840e-01
4019.93	8.4566e+00	9.6963e-01
4020.70	8.9255e+00	9.6860e-01
4021.48	1.2955e+01	9.6730e-01
4022.25	1.0982e+01	9.5575e-01
4023.03	7.7463e+00	9.5290e-01
4023.80	8.7635e+00	9.5677e-01
4024.57	9.6020e+00	9.6123e-01
4025.35	7.9526e+00	9.5681e-01
4026.12	9.5042e+00	9.5891e-01
4026.90	9.9989e+00	9.5598e-01
4027.67	1.1951e+01	9.5504e-01
4028.45	1.0550e+01	9.5008e-01
4029.22	8.1865e+00	9.4993e-01
4030.00	1.0912e+01	9.4917e-01
4030.77	1.1558e+01	9.4806e-01
4031.55	1.1431e+01	9.4964e-01
4032.32	8.6715e+00	9.4526e-01
4033.10	8.9066e+00	9.4199e-01
4033.87	1.1847e+01	9.4575e-01
4034.65	8.6611e+00	9.3884e-01
4035.42	1.0349e+01	9.3492e-01
4036.20	1.1032e+01	9.3392e-01
4036.97	1.0595e+01	9.3842e-01
4037.75	1.0620e+01	9.3391e-01
4038.52	9.6771e+00	9.3443e-01
4039.30	9.5427e+00	9.3424e-01
4040.07	9.7429e+00	9.3110e-01
4040.85	8.6912e+00	9.3320e-01
4041.62	1.0330e+01	9.3386e-01
4042.40	9.3548e+00	9.3288e-01
4043.17	8.9702e+00	9.2623e-01
4043.95	9.8477e+00	9.2925e-01
4044.72	8.0799e+00	9.2709e-01
4045.50	9.9550e+00	9.2107e-01
4046.27	8.5073e+00	9.1838e-01
4047.05	9.9036e+00	9.1530e-01
4047.82	1.1629e+01	9.2216e-01
4048.60	8.6914e+00	9.2299e-01
4049.37	7.3657e+00	9.1961e-01
4050.14	8.4319e+00	9.1351e-01
4050.92	7.8613e+00	9.1043e-01
4051.69	7.5205e+00	9.1003e-01
4052.47	9.4365e+00	9.0565e-01
4053.24	1.0137e+01	9.0256e-01
4054.02	1.1510e+01	9.0099e-01
4054.79	1.2028e+01	9.0460e-01
4055.57	1.1507e+01	9.0250e-01
4056.34	1.1019e+01	8.9984e-01
4057.12	1.0223e+01	8.9473e-01
4057.89	1.0287e+01	8.9659e-01
4058.67	1.0005e+01	8.9520e-01
4059.44	9.5202e+00	8.9644e-01
4060.22	8.8598e+00	8.9612e-01
4060.99	9.5856e+00	8.9862e-01
4061.77	1.0553e+01	8.9203e-01
4062.54	9.9059e+00	8.8498e-01
4063.32	9.5177e+00	8.9370e-01
4064.09	9.9053e+00	8.9623e-01
4064.87	1.0443e+01	8.8427e-01
4065.64	9.9267e+00	8.8812e-01
4066.42	8.9460e+00	8.8483e-01
4067.19	8.1564e+00	8.8213e-01
4067.97	1.0240e+01	8.8919e-01
4068.74	8.8732e+00	8.8478e-01
4069.52	1.0043e+01	8.8280e-01
4070.29	1.2429e+01	8.8370e-01
4071.07	9.9561e+00	8.8080e-01
4071.84	1.0710e+01	8.7493e-01
4072.62	1.0011e+01	8.7482e-01
4073.39	9.8980e+00	8.7482e-01
4074.17	9.5852e+00	8.7422e-01
4074.94	1.1039e+01	8.7414e-01
4075.72	1.1339e+01	8.8077e-01
4076.49	8.1697e+00	8.7668e-01
4077.26	9.4879e+00	8.7526e-01
4078.04	8.0022e+00	8.7353e-01
4078.81	7.2748e+00	8.6487e-01
4079.59	8.5300e+00	8.6915e-01
4080.36	1.1337e+01	8.7554e-01
4081.14	9.5805e+00	8.7058e-01
4081.91	9.0656e+00	8.6813e-01
4082.69	8.7310e+00	8.6641e-01
4083.46	8.3859e+00	8.5514e-01
4084.24	1.0453e+01	8.5957e-01
4085.01	9.8991e+00	8.5994e-01
4085.79	1.1733e+01	8.5677e-01
4086.56	8.9084e+00	8.5880e-01
4087.34	9.6564e+00	8.5342e-01
4088.11	1.1221e+01	8.5470e-01
4088.89	1.0277e+01	8.5148e-01
4089.66	1.2691e+01	8.5165e-01
4090.44	8.5685e+00	8.4946e-01
4091.21	6.6067e+00	8.4831e-01
4091.99	7.9971e+00	8.4856e-01
4092.76	1.0109e+01	8.8531e-01
4093.54	9.6940e+00	9.0639e-01
4094.31	1.0910e+01	8.8093e-01
4095.09	9.5053e+00	8.4380e-01
4095.86	1.0538e+01	8.3731e-01
4096.64	1.0571e+01	8.4863e-01
4097.41	9.0806e+00	8.7457e-01
4098.19	8.7184e+00	8.7023e-01
4098.96	1.1502e+01	8.5838e-01
4099.74	9.5466e+00	8.4219e-01
4100.51	9.9037e+00	8.4258e-01
4101.29	1.0458e+01	8.5903e-01
4102.06	1.0511e+01	8.5515e-01
4102.83	1.0757e+01	8.4805e-01
4103.61	1.0170e+01	8.4151e-01
4104.38	9.7661e+00	8.2249e-01
4105.16	9.8888e+00	8.2431e-01
4105.93	1.2479e+01	8.2813e-01
4106.71	1.1385e+01	8.2508e-01
4107.48	9.6831e+00	8.2623e-01
4108.26	9.0956e+00	8.2326e-01
4109.03	9.1817e+00	8.2002e-01
4109.81	1.0536e+01	8.2164e-01
4110.58	1.0170e+01	8.2241e-01
4111.36	8.9306e+00	8.1976e-01
4112.13	9.2637e+00	8.1813e-01
4112.91	8.2378e+00	8.1493e-01
4113.68	1.0888e+01	8.1744e-01
4114.46	1.1511e+01	8.1702e-01
4115.23	1.1265e+01	8.2163e-01
4116.01	9.6496e+00	8.2252e-01
4116.78	8.8330e+00	8.1225e-01
4117.56	9.9113e+00	8.1397e-01
4118.33	8.7444e+00	8.0879e-01
4119.11	1.0842e+01	8.1271e-01
4119.88	1.0383e+01	8.1145e-01
4120.66	9.1817e+00	8.0622e-01
4121.43	1.0584e+01	8.1002e-01
4122.21	9.8281e+00	8.0670e-01
4122.98	8.7567e+00	8.0202e-01
4123.76	9.1303e+00	8.0088e-01
4124.53	1.0479e+01	7.9812e-01
4125.31	9.8636e+00	8.0333e-01
4126.08	7.9752e+00	7.9862e-01
4126.86	8.1254e+00	7.9774e-01
4127.63	1.1519e+01	7.9747e-01
4128.41	7.8312e+00	7.9564e-01
4129.18	1.1755e+01	7.9580e-01
4129.95	8.7693e+00	7.9810e-01
4130.73	1.0200e+01	7.9652e-01
4131.50	9.3901e+00	7.9556e-01
4132.28	8.9355e+00	7.8677e-01
4133.05	9.5552e+00	7.8637e-01
4133.83	9.9122e+00	7.8436e-01
4134.60	1.0168e+01	7.8297e-01
4135.38	1.0401e+01	7.8192e-01
4136.15	1.0283e+01	7.8771e-01
4136.93	1.0924e+01	7.8982e-01
4137.70	1.3199e+01	7.8981e-01
4138.48	1.0624e+01	7.8437e-01
4139.25	1.1271e+01	7.8226e-01
4140.03	1.0213e+01	7.7506e-01
4140.80	1.0725e+01	7.8049e-01
4141.58	1.2002e+01	7.7949e-01
4142.35	1.0364e+01	7.7470e-01
4143.13	1.1908e+01	7.7159e-01
4143.90	9.5068e+00	7.7150e-01
4144.68	1.0163e+01	7.7233e-01
4145.45	1.1114e+01	7.6954e-01
4146.23	1.1300e+01	7.6823e-01
4147.00	1.1353e+01	7.7428e-01
4147.78	1.2500e+01	7.7168e-01
4148.55	9.9843e+00	7.6673e-01
4149.33	1.0028e+01	7.7135e-01
4150.10	1.0485e+01	7.6447e-01
4150.88	9.9164e+00	7.6075e-01
4151.65	8.5398e+00	7.5735e-01
4152.43	9.5276e+00	7.6144e-01
4153.20	1.0862e+01	7.5955e-01
4153.98	8.4454e+00	7.6236e-01
4154.75	9.8679e+00	7.5314e-01
4155.52	1.0322e+01	7.5692e-01
4156.30	9.7715e+00	7.6040e-01
4157.07	7.5367e+00	7.5518e-01
4157.85	8.9111e+00	7.5305e-01
4158.62	1.0110e+01	7.5508e-01
4159.40	8.9398e+00	7.6376e-01
4160.17	9.5800e+00	7.6722e-01
4160.95	7.9618e+00	7.5630e-01
4161.72	9.3865e+00	7.5137e-01
4162.50	9.8854e+00	7.4458e-01
4163.27	9.1818e+00	7.4138e-01
4164.05	8.2905e+00	7.4156e-01
4164.82	9.9111e+00	7.4539e-01
4165.60	1.0568e+01	7.4350e-01
4166.37	1.1465e+01	7.4229e-01
4167.15	1.0653e+01	7.3747e-01
4167.92	7.3143e+00	7.3965e-01
4168.70	9.8523e+00	7.3565e-01
4169.47	8.2360e+00	7.3554e-01
4170.25	1.0494e+01	7.3629e-01
4171.02	1.0425e+01	7.3656e-01
4171.80	1.0411e+01	7.3283e-01
4172.57	1.0036e+01	7.2938e-01
4173.35	8.7732e+00	7.2794e-01
4174.12	9.8863e+00	7.2631e-01
4174.90	1.0143e+01	7.2401e-01
4175.67	9.4491e+00	7.2356e-01
4176.45	8.4877e+00	7.1856e-01
4177.22	9.2285e+00	7.1432e-01
4178.00	9.1775e+00	7.1893e-01
4178.77	9.1506e+00	7.1902e-01
4179.55	9.0763e+00	7.1770e-01
4180.32	8.9164e+00	7.1740e-01
4181.09	9.9517e+00	7.1952e-01
4181.87	1.2165e+01	7.2061e-01
4182.64	1.1559e+01	7.1724e-01
4183.42	1.0961e+01	7.1325e-01
4184.19	9.2363e+00	7.1135e-01
4184.97	7.1698e+00	7.1074e-01
4185.74	8.6896e+00	7.1084e-01
4186.52	1.0190e+01	7.0994e-01
4187.29	8.7891e+00	7.0624e-01
4188.07	9.2796e+00	7.0701e-01
4188.84	7.7274e+00	7.0905e-01
4189.62	8.7624e+00	7.0251e-01
4190.39	8.7673e+00	7.0247e-01
4191.17	9.6187e+00	7.0081e-01
4191.94	9.4516e+00	6.9905e-01
4192.72	1.0060e+01	7.0502e-01
4193.49	9.4383e+00	7.0217e-01
4194.27	9.7407e+00	6.9738e-01
4195.04	8.1233e+00	6.9766e-01
4195.82	9.3117e+00	6.9821e-01
4196.59	1.0317e+01	6.9667e-01
4197.37	9.6187e+00	6.9009e-01
4198.14	8.4774e+00	6.8713e-01
4198.92	7.9388e+00	6.8767e-01
4199.69	1.1054e+01	6.8791e-01
4200.47	7.8292e+00	6.8912e-01
4201.24	8.3141e+00	6.8628e-01
4202.02	1.0838e+01	6.8335e-01
4202.79	1.1224e+01	6.8169e-01
4203.57	9.8535e+00	6.8356e-01
4204.34	7.9186e+00	6.8038e-01
4205.12	9.6639e+00	6.8000e-01
4205.89	1.0558e+01	6.8061e-01
4206.67	8.7867e+00	6.7628e-01
4207.44	1.0906e+01	6.7880e-01
4208.21	1.0430e+01	6.8003e-01
4208.99	1.0592e+01	6.7938e-01
4209.76	8.8752e+00	6.7931e-01
4210.54	7.9266e+00	6.7552e-01
4211.31	9.7991e+00	6.7375e-01
4212.09	1.1926e+01	6.7628e-01
4212.86	1.0465e+01	6.7144e-01
4213.64	1.0406e+01	6.7080e-01
4214.41	8.4325e+00	6.6723e-01
4215.19	9.3608e+00	6.6869e-01
4215.96	9.5575e+00	6.6680e-01
4216.74	1.0252e+01	6.6532e-01
4217.51	1.0179e+01	6.6292e-01
4218.29	8.8144e+00	6.6403e-01
4219.06	1.0704e+01	6.6337e-01
4219.84	9.0059e+00	6.6277e-01
4220.61	8.8468e+00	6.6078e-01
4221.39	9.4528e+00	6.6222e-01
4222.16	8.5287e+00	6.6458e-01
4222.94	8.8063e+00	6.6115e-01
4223.71	9.2697e+00	6.5811e-01
4224.49	9.3776e+00	6.5761e-01
4225.26	9.1373e+00	6.5695e-01
4226.04	9.1874e+00	6.5534e-01
4226.81	1.0440e+01	6.5609e-01
4227.59	9.9929e+00	6.5480e-01
4228.36	8.4420e+00	6.5511e-01
4229.14	9.7286e+00	6.5675e-01
4229.91	9.0356e+00	6.5322e-01
4230.69	1.1317e+01	6.5689e-01
4231.46	1.0774e+01	6.5331e-01
4232.24	8.4909e+00	6.5148e-01
4233.01	1.0631e+01	6.5079e-01
4233.78	9.9088e+00	6.4914e-01
4234.56	8.4209e+00	6.4548e-01
4235.33	8.5568e+00	6.4575e-01
4236.11	1.0382e+01	6.4937e-01
4236.88	1.0277e+01	6.4604e-01
4237.66	9.8677e+00	6.5092e-01
4238.43	1.0063e+01	6.4725e-01
4239.21	7.3749e+00	6.4721e-01
4239.98	1.0200e+01	6.4774e-01
4240.76	1.0179e+01	6.4592e-01
4241.53	9.1599e+00	6.4757e-01
4242.31	9.0683e+00	6.4603e-01
4243.08	1.0227e+01	6.4250e-01
4243.86	1.0152e+01	6.4361e-01
4244.63	9.2902e+00	6.4185e-01
4245.41	9.3173e+00	6.4066e-01
4246.18	9.2701e+00	6.3970e-01
4246.96	9.1859e+00	6.4119e-01
4247.73	9.9713e+00	6.4216e-01
4248.51	8.8977e+00	6.3820e-01
4249.28	9.8442e+00	6.4019e-01
4250.06	9.5155e+00	6.3973e-01
4250.83	8.0750e+00	6.3516e-01
4251.61	8.2197e+00	6.3274e-01
4252.38	1.0216e+01	6.3654e-01
4253.16	8.7982e+00	6.3262e-01
4253.93	9.0178e+00	6.3129e-01
4254.71	1.0836e+01	6.3488e-01
4255.48	8.1014e+00	6.3291e-01
4256.26	9.1960e+00	6.3207e-01
4257.03	8.5922e+00	6.3108e-01
4257.81	1.1100e+01	6.3407e-01
4258.58	9.4549e+00	6.2626e-01
4259.36	9.6549e+00	6.2640e-01
4260.13	7.1819e+00	6.2836e-01
4260.90	8.3793e+00	6.2680e-01
4261.68	8.9536e+00	6.2609e-01
4262.45	9.8189e+00	6.2993e-01
4263.23	1.0373e+01	6.2583e-01
4264.00	9.8293e+00	6.2586e-01
4264.78	9.4523e+00	6.2385e-01
4265.55	8.2335e+00	6.2157e-01
4266.33	9.0451e+00	6.2674e-01
4267.10	8.3568e+00	6.2190e-01
4267.88	8.6325e+00	6.2473e-01
4268.65	8.1117e+00	6.1787e-01
4269.43	8.6863e+00	6.2266e-01
4270.20	8.2074e+00	6.1899e-01
4270.98	9.9799e+00	6.2078e-01
4271.75	1.0544e+01	6.2035e-01
4272.53	8.8886e+00	6.1729e-01
4273.30	9.9348e+00	6.1799e-01
4274.08	8.1071e+00	6.1462e-01
4274.85	8.0659e+00	6.1280e-01
4275.63	9.0605e+00	6.1535e-01
4276.40	8.6256e+00	6.1899e-01
4277.18	8.1584e+00	6.1788e-01
4277.95	9.8708e+00	6.1778e-01
4278.73	7.9178e+00	6.1606e-01
4279.50	7.7179e+00	6.1305e-01
4280.28	8.0466e+00	6.1253e-01
4281.05	8.9042e+00	6.1364e-01
4281.83	9.1606e+00	6.1319e-01
4282.60	9.2742e+00	6.1251e-01
4283.38	9.7423e+00	6.1200e-01
4284.15	8.8301e+00	6.1162e-01
4284.93	8.4214e+00	6.1108e-01
4285.70	9.8333e+00	6.1009e-01
4286.47	1.0444e+01	6.1213e-01
4287.25	1.0171e+01	6.0877e-01
4288.02	9.9051e+00	6.0893e-01
4288.80	8.5801e+00	6.0620e-01
4289.57	7.4301e+00	6.0367e-01
4290.35	9.2487e+00	6.0862e-01
4291.12	1.0412e+01	6.2329e-01
4291.90	8.4665e+00	6.3219e-01
4292.67	8.2131e+00	6.2969e-01
4293.45	7.7664e+00	6.2603e-01
4294.22	8.3568e+00	6.1858e-01
4295.00	1.0143e+01	6.0853e-01
4295.77	9.5513e+00	6.0285e-01
4296.55	1.0823e+01	6.0302e-01
4297.32	9.5915e+00	6.1348e-01
4298.10	8.6786e+00	6.0029e-01
4298.87	9.2615e+00	6.0111e-01
4299.65	8.0384e+00	5.9564e-01
4300.42	9.2668e+00	5.9764e-01
4301.20	9.2489e+00	5.9762e-01
4301.97	9.2768e+00	5.9495e-01
4302.75	9.0338e+00	5.9673e-01
4303.52	7.3336e+00	5.9197e-01
4304.30	9.2161e+00	5.9508e-01
4305.07	9.4790e+00	5.9790e-01
4305.85	8.3533e+00	5.9385e-01
4306.62	9.6905e+00	5.9647e-01
4307.40	8.0992e+00	5.9345e-01
4308.17	9.8042e+00	5.9169e-01
4308.95	8.8585e+00	5.9652e-01
4309.72	8.3339e+00	5.9183e-01
4310.50	8.4847e+00	5.9214e-01
4311.27	9.2487e+00	5.9123e-01
4312.04	1.0009e+01	5.9271e-01
4312.82	8.5413e+00	5.9025e-01
4313.59	8.7533e+00	5.9195e-01
4314.37	7.9037e+00	5.9128e-01
4315.14	8.9127e+00	5.9032e-01
4315.92	8.2297e+00	5.8671e-01
4316.69	9.2036e+00	5.8985e-01
4317.47	8.2556e+00	5.9280e-01
4318.24	1.0692e+01	5.9353e-01
4319.02	9.3825e+00	5.8737e-01
4319.79	1.0116e+01	5.8982e-01
4320.57	8.6573e+00	5.8837e-01
4321.34	8.7793e+00	5.9125e-01
4322.12	8.4482e+00	5.8942e-01
4322.89	1.0427e+01	5.8694e-01
4323.67	9.7636e+00	5.8663e-01
4324.44	8.5548e+00	5.8957e-01
4325.22	9.0464e+00	5.9575e-01
4325.99	1.0416e+01	5.8959e-01
4326.77	9.0584e+00	5.8202e-01
4327.54	9.4142e+00	5.8424e-01
4328.32	8.1362e+00	5.8143e-01
4329.09	8.6713e+00	5.8139e-01
4329.87	8.5283e+00	5.8085e-01
4330.64	8.0960e+00	5.7895e-01
4331.42	9.2232e+00	5.7917e-01
4332.19	8.2599e+00	5.7668e-01
4332.97	7.7934e+00	5.7790e-01
4333.74	8.7167e+00	5.7822e-01
4334.52	8.1504e+00	5.7696e-01
4335.29	8.5539e+00	5.7764e-01
4336.07	8.5504e+00	5.7515e-01
4336.84	8.3635e+00	5.7934e-01
4337.62	8.7306e+00	5.7419e-01
4338.39	8.8318e+00	5.7261e-01
4339.16	8.7984e+00	5.7543e-01
4339.94	8.4652e+00	5.7460e-01
4340.71	9.6457e+00	5.7444e-01
4341.49	8.5776e+00	5.7581e-01
4342.26	1.0447e+01	5.7508e-01
4343.04	8.4785e+00	5.7338e-01
4343.81	7.4799e+00	5.7259e-01
4344.59	9.4819e+00	5.7478e-01
4345.36	8.3893e+00	5.7438e-01
4346.14	8.1753e+00	5.7473e-01
4346.91	8.4700e+00	5.7277e-01
4347.69	9.6414e+00	5.7048e-01
4348.46	8.1356e+00	5.7008e-01
4349.24	8.2929e+00	5.7101e-01
4350.01	7.3615e+00	5.7092e-01
4350.79	8.6272e+00	5.7069e-01
4351.56	9.3605e+00	5.7091e-01
4352.34	9.0169e+00	5.7202e-01
4353.11	9.0390e+00	5.6789e-01
4353.89	7.0341e+00	5.6421e-01
4354.66	7.5396e+00	5.6508e-01
4355.44	8.1967e+00	5.6951e-01
4356.21	9.0086e+00	5.6706e-01
4356.99	8.1800e+00	5.6788e-01
4357.76	9.6723e+00	5.6634e-01
4358.54	9.1841e+00	5.6364e-01
4359.31	9.5411e+00	5.6328e-01
4360.09	1.0617e+01	5.6520e-01
4360.86	8.3430e+00	5.6528e-01
4361.64	9.5754e+00	5.6732e-01
4362.41	1.0115e+01	5.6555e-01
4363.19	7.9812e+00	5.6009e-01
4363.96	9.4936e+00	5.6082e-01
4364.73	8.5626e+00	5.6392e-01
4365.51	9.0377e+00	5.6517e-01
4366.28	9.5023e+00	5.6348e-01
4367.06	9.6607e+00	5.6175e-01
4367.83	8.5134e+00	5.6086e-01
4368.61	7.8986e+00	5.6137e-01
4369.38	9.1149e+00	5.6270e-01
4370.16	9.6483e+00	5.6192e-01
4370.93	8.4503e+00	5.5966e-01
4371.71	8.3685e+00	5.5586e-01
4372.48	7.8599e+00	5.5821e-01
4373.26	7.4175e+00	5.5998e-01
4374.03	7.2189e+00	5.5759e-01
4374.81	8.4091e+00	5.5868e-01
4375.58	8.1628e+00	5.5878e-01
4376.36	7.7059e+00	5.5770e-01
4377.13	8.9800e+00	5.5479e-01
4377.91	7.0816e+00	5.5402e-01
4378.68	9.4289e+00	5.5849e-01
4379.46	9.6640e+00	5.5929e-01
4380.23	9.1435e+00	5.5708e-01
4381.01	8.0257e+00	5.5763e-01
4381.78	7.8524e+00	5.5827e-01
4382.56	7.6350e+00	5.5859e-01
4383.33	9.0534e+00	5.5895e-01
4384.11	8.7694e+00	5.5389e-01
4384.88	7.5497e+00	5.5529e-01
4385.66	6.8142e+00	5.5677e-01
4386.43	8.3955e+00	5.5666e-01
4387.21	7.2917e+00	5.5208e-01
4387.98	8.8137e+00	5.5159e-01
4388.76	9.3704e+00	5.5182e-01
4389.53	7.6357e+00	5.5007e-01
4390.31	9.7405e+00	5.5124e-01
4391.08	8.9031e+00	5.5099e-01
4391.85	8.6772e+00	5.5101e-01
4392.63	8.0520e+00	5.5120e-01
4393.40	6.9200e+00	5.5052e-01
4394.18	8.2192e+00	5.4944e-01
4394.95	8.9835e+00	5.5201e-01
4395.73	9.1575e+00	5.5302e-01
4396.50	8.0435e+00	5.5071e-01
4397.28	8.2969e+00	5.4836e-01
4398.05	8.4327e+00	5.4674e-01
4398.83	8.0663e+00	5.4615e-01
4399.60	8.9774e+00	5.4729e-01
4400.38	7.8607e+00	5.4756e-01
4401.15	8.6192e+00	5.5074e-01
4401.93	8.1200e+00	5.5116e-01
4402.70	8.2963e+00	5.4614e-01
4403.48	9.3929e+00	5.4906e-01
4404.25	9.0651e+00	5.4978e-01
4405.03	9.1555e+00	5.4837e-01
4405.80	8.8175e+00	5.4531e-01
4406.58	8.0675e+00	5.4280e-01
4407.35	8.3877e+00	5.4319e-01
4408.13	7.3078e+00	5.4581e-01
4408.90	8.1555e+00	5.4656e-01
4409.68	8.2945e+00	5.4518e-01
4410.45	8.3699e+00	5.4298e-01
4411.23	8.7416e+00	5.4297e-01
4412.00	8.5342e+00	5.4458e-01
4412.78	9.2704e+00	5.4466e-01
4413.55	8.0821e+00	5.4119e-01
4414.33	8.1208e+00	5.3899e-01
4415.10	7.9219e+00	5.4083e-01
4415.88	6.7311e+00	5.4012e-01
4416.65	6.6792e+00	5.3801e-01
4417.42	8.7290e+00	5.3703e-01
4418.20	8.9814e+00	5.3717e-01
4418.97	8.4733e+00	5.3504e-01
4419.75	7.2619e+00	5.3398e-01
4420.52	8.0934e+00	5.3785e-01
4421.30	8.4195e+00	5.3669e-01
4422.07	7.6562e+00	5.3251e-01
4422.85	7.5369e+00	5.2717e-01
4423.62	7.2198e+00	5.2982e-01
4424.40	1.0590e+01	5.5017e-01
4425.17	1.6696e+01	5.5275e-01
4425.95	1.3907e+01	5.4802e-01
4426.72	1.0461e+01	5.3443e-01
4427.50	8.0715e+00	5.2955e-01
4428.27	7.9762e+00	5.3058e-01
4429.05	6.8120e+00	5.3055e-01
4429.82	6.0399e+00	5.2505e-01
4430.60	7.4062e+00	5.2743e-01
4431.37	9.2011e+00	5.3577e-01
4432.15	8.5080e+00	5.4190e-01
4432.92	6.9625e+00	5.3711e-01
4433.70	9.8898e+00	5.2446e-01
4434.47	7.9729e+00	5.2366e-01
4435.25	7.9701e+00	5.2298e-01
4436.02	8.2182e+00	5.2059e-01
4436.80	7.9974e+00	5.2297e-01
4437.57	7.5293e+00	5.2317e-01
4438.35	8.0219e+00	5.2322e-01
4439.12	8.2034e+00	5.2227e-01
4439.90	8.4113e+00	5.2145e-01
4440.67	8.4241e+00	5.1928e-01
4441.45	8.8458e+00	5.1704e-01
4442.22	8.7665e+00	5.1654e-01
4442.99	9.0250e+00	5.1741e-01
4443.77	9.0754e+00	5.1809e-01
4444.54	9.2404e+00	5.1777e-01
4445.32	8.7905e+00	5.1846e-01
4446.09	7.6352e+00	5.1699e-01
4446.87	7.3519e+00	5.1441e-01
4447.64	8.3207e+00	5.1207e-01
4448.42	8.2531e+00	5.0962e-01
4449.19	8.6504e+00	5.1256e-01
4449.97	8.0888e+00	5.1450e-01
4450.74	7.8779e+00	5.1277e-01
4451.52	7.5537e+00	5.1243e-01
4452.29	8.2245e+00	5.1000e-01
4453.07	7.5398e+00	5.1068e-01
4453.84	9.2787e+00	5.0932e-01
4454.62	9.1675e+00	5.0800e-01
4455.39	8.2201e+00	5.0807e-01
4456.17	8.1206e+00	5.0714e-01
4456.94	7.9853e+00	5.0602e-01
4457.72	8.6488e+00	5.0729e-01
4458.49	9.1285e+00	5.0825e-01
4459.27	8.7748e+00	5.0481e-01
4460.04	8.4871e+00	5.0339e-01
4460.82	7.7275e+00	5.0211e-01
4461.59	7.8984e+00	5.0071e-01
4462.37	7.4405e+00	5.0190e-01
4463.14	7.6888e+00	5.0156e-01
4463.92	8.6467e+00	5.0297e-01
4464.69	8.6003e+00	5.0306e-01
4465.47	8.8857e+00	5.1118e-01
4466.24	8.5962e+00	5.0544e-01
4467.02	8.4122e+00	4.9966e-01
4467.79	8.6724e+00	4.9875e-01
4468.57	9.0848e+00	4.9558e-01
4469.34	8.8804e+00	4.9500e-01
4470.11	8.0968e+00	4.9565e-01
4470.89	6.3278e+00	4.9452e-01
4471.66	9.0883e+00	4.9604e-01
4472.44	9.1288e+00	4.9580e-01
4473.21	9.0605e+00	4.9241e-01
4473.99	8.3862e+00	4.9536e-01
4474.76	7.8288e+00	4.9465e-01
4475.54	8.5858e+00	4.9387e-01
4476.31	8.0364e+00	4.9483e-01
4477.09	9.2254e+00	4.9442e-01
4477.86	8.5604e+00	4.9013e-01
4478.64	7.3809e+00	4.9020e-01
4479.41	8.1278e+00	4.9154e-01
4480.19	8.4797e+00	4.9083e-01
4480.96	9.0684e+00	4.9955e-01
4481.74	8.9980e+00	5.0703e-01
4482.51	8.7671e+00	5.0241e-01
4483.29	8.3593e+00	4.8969e-01
4484.06	9.3552e+00	4.8806e-01
4484.84	8.8790e+00	4.8907e-01
4485.61	9.0214e+00	4.8718e-01
4486.39	8.8758e+00	4.8722e-01
4487.16	9.2205e+00	4.8794e-01
4487.94	9.0285e+00	4.8454e-01
4488.71	8.6221e+00	4.8278e-01
4489.49	8.9641e+00	4.8588e-01
4490.26	7.9356e+00	4.8393e-01
4491.04	8.5602e+00	4.8348e-01
4491.81	7.5375e+00	4.8048e-01
4492.59	8.7133e+00	4.8283e-01
4493.36	7.7358e+00	4.8109e-01
4494.14	9.0064e+00	4.8098e-01
4494.91	8.8557e+00	4.7867e-01
4495.68	8.2856e+00	4.7954e-01
4496.46	8.4170e+00	4.8191e-01
4497.23	8.9257e+00	4.8400e-01
4498.01	8.4338e+00	4.7876e-01
4498.78	8.0671e+00	4.7824e-01
4499.56	9.4605e+00	4.7883e-01
4500.33	9.4653e+00	4.7779e-01
4501.11	7.6437e+00	4.7825e-01
4501.88	7.1908e+00	4.7683e-01
4502.66	7.8045e+00	4.7712e-01
4503.43	7.4292e+00	4.7406e-01
4504.21	7.7546e+00	4.7557e-01
4504.98	8.3475e+00	4.7544e-01
4505.76	8.2279e+00	4.7628e-01
4506.53	9.0909e+00	4.7631e-01
4507.31	8.8049e+00	4.7402e-01
4508.08	9.0666e+00	4.7259e-01
4508.86	8.3535e+00	4.7322e-01
4509.63	9.1683e+00	4.7329e-01
4510.41	9.4601e+00	4.7605e-01
4511.18	8.6397e+00	4.7099e-01
4511.96	7.5061e+00	4.7269e-01
4512.73	7.4669e+00	4.7115e-01
4513.51	7.4130e+00	4.8069e-01
4514.28	7.7629e+00	4.7486e-01
4515.06	8.3463e+00	4.6825e-01
4515.83	7.4735e+00	4.6699e-01
4516.61	8.1406e+00	4.6952e-01
4517.38	7.5327e+00	4.6693e-01
4518.16	8.4032e+00	4.6794e-01
4518.93	8.2346e+00	4.6950e-01
4519.71	8.1879e+00	4.7067e-01
4520.48	8.6769e+00	4.7044e-01
4521.26	7.4295e+00	4.6817e-01
4522.03	7.3395e+00	4.6848e-01
4522.80	6.6653e+00	4.6583e-01
4523.58	8.4460e+00	4.6536e-01
4524.35	8.3622e+00	4.6546e-01
4525.13	7.1655e+00	4.6412e-01
4525.90	7.7500e+00	4.6481e-01
4526.68	7.7410e+00	4.6486e-01
4527.45	7.8647e+00	4.6509e-01
4528.23	7.9987e+00	4.6392e-01
4529.00	7.3344e+00	4.6231e-01
4529.78	8.6455e+00	4.6317e-01
4530.55	7.0211e+00	4.6367e-01
4531.33	7.9092e+00	4.6146e-01
4532.10	8.4904e+00	4.6234e-01
4532.88	8.8438e+00	4.6344e-01
4533.65	8.4261e+00	4.6132e-01
4534.43	8.0217e+00	4.6161e-01
4535.20	7.7193e+00	4.6143e-01
4535.98	8.4411e+00	4.6197e-01
4536.75	8.4979e+00	4.6124e-01
4537.53	7.5001e+00	4.6070e-01
4538.30	8.1925e+00	4.5985e-01
4539.08	8.8195e+00	4.6114e-01
4539.85	8.0539e+00	4.5992e-01
4540.63	8.2999e+00	4.5815e-01
4541.40	8.7898e+00	4.5839e-01
4542.18	8.0402e+00	4.5940e-01
4542.95	8.1702e+00	4.5854e-01
4543.73	8.9374e+00	4.5993e-01
4544.50	8.0594e+00	4.5660e-01
4545.28	8.7478e+00	4.5489e-01
4546.05	7.5902e+00	4.5700e-01
4546.83	8.1001e+00	4.5645e-01
4547.60	7.3903e+00	4.5618e-01
4548.37	8.2110e+00	4.5546e-01
4549.15	8.2573e+00	4.5272e-01
4549.92	6.5776e+00	4.5232e-01
4550.70	7.9545e+00	4.5498e-01
4551.47	8.0069e+00	4.5358e-01
4552.25	8.8251e+00	4.5351e-01
4553.02	9.0971e+00	4.5393e-01
4553.80	8.0620e+00	4.5507e-01
4554.57	7.9287e+00	4.5247e-01
4555.35	7.0111e+00	4.5042e-01
4556.12	7.8206e+00	4.5148e-01
4556.90	9.0970e+00	4.4984e-01
4557.67	8.4112e+00	4.4939e-01
4558.45	8.3042e+00	4.5091e-01
4559.22	8.3648e+00	4.5077e-01
4560.00	8.8238e+00	4.4923e-01
4560.77	8.6682e+00	4.4857e-01
4561.55	7.9613e+00	4.4774e-01
4562.32	7.3168e+00	4.4800e-01
4563.10	8.4355e+00	4.4845e-01
4563.87	8.8974e+00	4.4687e-01
4564.65	8.7629e+00	4.4651e-01
4565.42	8.0386e+00	4.4662e-01
4566.20	8.1077e+00	4.4537e-01
4566.97	7.4590e+00	4.4407e-01
4567.75	8.0069e+00	4.4606e-01
4568.52	7.9061e+00	4.4526e-01
4569.30	8.6559e+00	4.4509e-01
4570.07	7.5128e+00	4.4300e-01
4570.85	7.1400e+00	4.4237e-01
4571.62	7.5250e+00	4.4062e-01
4572.40	8.2807e+00	4.4250e-01
4573.17	7.8726e+00	4.4401e-01
4573.94	8.0739e+00	4.4135e-01
4574.72	8.5938e+00	4.4427e-01
4575.49	8.7368e+00	4.4157e-01
4576.27	7.8279e+00	4.4249e-01
4577.04	7.0470e+00	4.4004e-01
4577.82	7.7484e+00	4.4177e-01
4578.59	7.9687e+00	4.4277e-01
4579.37	8.5558e+00	4.4288e-01
4580.14	8.6667e+00	4.3984e-01
4580.92	8.6067e+00	4.4109e-01
4581.69	8.3610e+00	4.4098e-01
4582.47	8.0127e+00	4.3978e-01
4583.24	8.2124e+00	4.4060e-01
4584.02	8.0424e+00	4.3750e-01
4584.79	7.3128e+00	4.3857e-01
4585.57	8.1332e+00	4.3810e-01
4586.34	7.4511e+00	4.3824e-01
4587.12	8.5601e+00	4.3824e-01
4587.89	7.9377e+00	4.3814e-01
4588.67	7.3448e+00	4.3737e-01
4589.44	7.5925e+00	4.3683e-01
4590.22	7.8147e+00	4.3862e-01
4590.99	8.0834e+00	4.3611e-01
4591.77	7.1174e+00	4.3548e-01
4592.54	6.4660e+00	4.3470e-01
4593.32	7.8937e+00	4.3566e-01
4594.09	7.5958e+00	4.3526e-01
4594.87	7.8982e+00	4.3531e-01
4595.64	7.5993e+00	4.3378e-01
4596.42	7.7741e+00	4.3457e-01
4597.19	7.8517e+00	4.3369e-01
4597.97	8.3361e+00	4.3374e-01
4598.74	7.6875e+00	4.3470e-01
4599.52	7.4605e+00	4.3476e-01
4600.29	7.9795e+00	4.3303e-01
4601.06	7.6008e+00	4.3021e-01
4601.84	7.7980e+00	4.3199e-01
4602.61	7.2980e+00	4.3189e-01
4603.39	7.9983e+00	4.3309e-01
4604.16	7.3414e+00	4.3086e-01
4604.94	7.8909e+00	4.3045e-01
4605.71	7.5554e+00	4.2853e-01
4606.49	7.9038e+00	4.3163e-01
4607.26	7.8724e+00	4.2976e-01
4608.04	7.4697e+00	4.3201e-01
4608.81	6.6502e+00	4.3154e-01
4609.59	7.8466e+00	4.3130e-01
4610.36	7.8545e+00	4.2914e-01
4611.14	7.0897e+00	4.2800e-01
4611.91	8.8983e+00	4.3024e-01
4612.69	8.3510e+00	4.2904e-01
4613.46	7.8420e+00	4.2668e-01
4614.24	8.0188e+00	4.2954e-01
4615.01	7.9412e+00	4.3068e-01
4615.79	7.7636e+00	4.2812e-01
4616.56	8.2112e+00	4.2837e-01
4617.34	7.6334e+00	4.2929e-01
4618.11	7.2692e+00	4.2937e-01
4618.89	7.5441e+00	4.2715e-01
4619.66	7.9696e+00	4.2769e-01
4620.44	8.5004e+00	4.2769e-01
4621.21	8.1301e+00	4.2664e-01
4621.99	8.3643e+00	4.2796e-01
4622.76	7.3002e+00	4.2534e-01
4623.54	8.0081e+00	4.2545e-01
4624.31	7.9985e+00	4.2438e-01
4625.09	7.9018e+00	4.2515e-01
4625.86	7.8734e+00	4.2434e-01
4626.63	7.6632e+00	4.2771e-01
4627.41	8.1361e+00	4.2629e-01
4628.18	8.1870e+00	4.2413e-01
4628.96	8.1075e+00	4.2350e-01
4629.73	8.1924e+00	4.2356e-01
4630.51	8.9924e+00	4.2306e-01
4631.28	8.4205e+00	4.2360e-01
4632.06	8.3953e+00	4.2391e-01
4632.83	7.3542e+00	4.2248e-01
4633.61	7.8532e+00	4.2265e-01
4634.38	7.7486e+00	4.1918e-01
4635.16	8.5240e+00	4.2212e-01
4635.93	8.3525e+00	4.2193e-01
4636.71	7.4339e+00	4.1985e-01
4637.48	8.5150e+00	4.2100e-01
4638.26	7.3929e+00	4.2038e-01
4639.03	8.5055e+00	4.1938e-01
4639.81	7.9278e+00	4.1672e-01
4640.58	8.1583e+00	4.1919e-01
4641.36	8.2979e+00	4.2084e-01
4642.13	8.1236e+00	4.2141e-01
4642.91	8.8058e+00	4.1979e-01
4643.68	7.4025e+00	4.1713e-01
4644.46	7.3051e+00	4.1840e-01
4645.23	7.8760e+00	4.1860e-01
4646.01	8.2965e+00	4.1760e-01
4646.78	7.7776e+00	4.1663e-01
4647.56	7.2058e+00	4.1810e-01
4648.33	8.6522e+00	4.1794e-01
4649.11	8.2452e+00	4.1933e-01
4649.88	8.4340e+00	4.2885e-01
4650.66	8.5057e+00	4.1825e-01
4651.43	8.0854e+00	4.1851e-01
4652.21	8.6170e+00	4.1886e-01
4652.98	8.2411e+00	4.1791e-01
4653.75	9.1371e+00	4.1810e-01
4654.53	8.9759e+00	4.1729e-01
4655.30	7.8322e+00	4.1565e-01
4656.08	8.1738e+00	4.1624e-01
4656.85	8.3683e+00	4.1855e-01
4657.63	8.3475e+00	4.1769e-01
4658.40	6.5553e+00	4.1592e-01
4659.18	8.0263e+00	4.1711e-01
4659.95	8.4782e+00	4.1849e-01
4660.73	8.0923e+00	4.1642e-01
4661.50	7.9900e+00	4.1389e-01
4662.28	7.7496e+00	4.1476e-01
4663.05	7.5789e+00	4.1578e-01
4663.83	7.8689e+00	4.1448e-01
4664.60	7.9380e+00	4.1442e-01
4665.38	8.4276e+00	4.1611e-01
4666.15	8.1457e+00	4.1497e-01
4666.93	8.4868e+00	4.1624e-01
4667.70	7.9687e+00	4.1866e-01
4668.48	8.8041e+00	4.1349e-01
4669.25	7.4280e+00	4.1444e-01
4670.03	7.1806e+00	4.1861e-01
4670.80	8.1271e+00	4.1291e-01
4671.58	7.1447e+00	4.1245e-01
4672.35	8.2480e+00	4.2050e-01
4673.13	7.1388e+00	4.2240e-01
4673.90	7.3514e+00	4.1314e-01
4674.68	7.4537e+00	4.1154e-01
4675.45	7.6997e+00	4.1216e-01
4676.23	8.1205e+00	4.1153e-01
4677.00	7.2831e+00	4.0988e-01
4677.78	7.8847e+00	4.1028e-01
4678.55	7.7732e+00	4.1033e-01
4679.32	7.6755e+00	4.0912e-01
4680.10	7.9251e+00	4.1055e-01
4680.87	7.7591e+00	4.1005e-01
4681.65	7.6168e+00	4.1066e-01
4682.42	7.6816e+00	4.0983e-01
4683.20	8.1377e+00	4.1056e-01
4683.97	8.0332e+00	4.0910e-01
4684.75	7.6094e+00	4.0899e-01
4685.52	8.1181e+00	4.0951e-01
4686.30	7.7011e+00	4.0917e-01
4687.07	7.6117e+00	4.0885e-01
4687.85	5.9074e+00	4.0700e-01
4688.62	7.2970e+00	4.0774e-01
4689.40	7.4193e+00	4.0863e-01
4690.17	8.5040e+00	4.0786e-01
4690.95	7.8385e+00	4.0771e-01
4691.72	7.2665e+00	4.0665e-01
4692.50	8.6590e+00	4.0813e-01
4693.27	8.6570e+00	4.0886e-01
4694.05	7.6120e+00	4.0633e-01
4694.82	6.9196e+00	4.1540e-01
4695.60	7.9486e+00	4.0924e-01
4696.37	7.8832e+00	4.0612e-01
4697.15	6.7056e+00	4.0609e-01
4697.92	8.7617e+00	4.0696e-01
4698.70	7.5088e+00	4.0607e-01
4699.47	7.4586e+00	4.0580e-01
4700.25	8.6551e+00	4.0768e-01
4701.02	7.4011e+00	4.0495e-01
4701.80	8.5243e+00	4.0598e-01
4702.57	8.3128e+00	4.0604e-01
4703.35	8.2302e+00	4.0478e-01
4704.12	7.3965e+00	4.0470e-01
4704.89	7.6553e+00	4.0471e-01
4705.67	7.8942e+00	4.0292e-01
4706.44	8.1437e+00	4.0424e-01
4707.22	8.5023e+00	4.0382e-01
4707.99	6.7136e+00	4.4252e-01
4708.77	7.5369e+00	4.6242e-01
4709.54	7.8762e+00	4.5813e-01
4710.32	6.5055e+00	4.2667e-01
4711.09	8.7831e+00	4.0823e-01
4711.87	8.8084e+00	4.0648e-01
4712.64	8.4629e+00	4.0508e-01
4713.42	8.3444e+00	4.0452e-01
4714.19	9.2588e+00	4.0544e-01
4714.97	7.6470e+00	4.2238e-01
4715.74	8.3331e+00	4.2581e-01
4716.52	7.5464e+00	4.2889e-01
4717.29	8.3227e+00	4.3289e-01
4718.07	8.0774e+00	4.1685e-01
4718.84	8.2257e+00	4.0320e-01
4719.62	8.5828e+00	4.0215e-01
4720.39	7.5944e+00	4.0371e-01
4721.17	7.5071e+00	4.0213e-01
4721.94	8.3451e+00	4.0306e-01
4722.72	7.3867e+00	4.0091e-01
4723.49	7.7560e+00	4.0159e-01
4724.27	6.8155e+00	3.9981e-01
4725.04	8.0559e+00	4.0121e-01
4725.82	7.0265e+00	4.0121e-01
4726.59	7.0618e+00	4.0117e-01
4727.37	8.1251e+00	4.0043e-01
4728.14	7.1737e+00	3.9983e-01
4728.92	7.4429e+00	3.9775e-01
4729.69	8.1863e+00	4.0026e-01
4730.47	7.8622e+00	4.0021e-01
4731.24	7.0094e+00	3.9852e-01
4732.01	7.4424e+00	3.9943e-01
4732.79	8.6724e+00	3.9973e-01
4733.56	8.0679e+00	3.9955e-01
4734.34	7.7122e+00	4.0013e-01
4735.11	7.0702e+00	3.9774e-01
4735.89	8.3625e+00	3.9854e-01
4736.66	8.7120e+00	3.9799e-01
4737.44	8.1701e+00	3.9804e-01
4738.21	7.9550e+00	3.9649e-01
4738.99	7.4344e+00	3.9716e-01
4739.76	7.9618e+00	3.9675e-01
4740.54	7.3484e+00	3.9640e-01
4741.31	8.0517e+00	3.9666e-01
4742.09	8.4249e+00	3.9681e-01
4742.86	7.4168e+00	3.9622e-01
4743.64	7.3697e+00	3.9645e-01
4744.41	7.8794e+00	3.9582e-01
4745.19	7.5891e+00	3.9606e-01
4745.96	7.7786e+00	3.9696e-01
4746.74	8.5322e+00	3.9856e-01
4747.51	7.7699e+00	3.9678e-01
4748.29	7.7139e+00	3.9486e-01
4749.06	8.5750e+00	3.9612e-01
4749.84	7.9663e+00	3.9498e-01
4750.61	8.2089e+00	3.9534e-01
4751.39	8.0338e+00	3.9386e-01
4752.16	7.9817e+00	3.9526e-01
4752.94	8.9030e+00	3.9542e-01
4753.71	7.4008e+00	3.9387e-01
4754.49	7.6007e+00	3.9374e-01
4755.26	6.8822e+00	3.9272e-01
4756.04	7.4796e+00	3.9321e-01
4756.81	8.2626e+00	3.9632e-01
4757.58	7.5370e+00	3.9387e-01
4758.36	7.1867e+00	3.9429e-01
4759.13	7.2078e+00	3.9450e-01
4759.91	8.1699e+00	3.9439e-01
4760.68	8.1433e+00	3.9384e-01
4761.46	7.8005e+00	3.9338e-01
4762.23	6.9250e+00	3.9205e-01
4763.01	6.8669e+00	3.9178e-01
4763.78	8.1511e+00	3.9119e-01
4764.56	8.6706e+00	3.9316e-01
4765.33	8.4651e+00	3.9490e-01
4766.11	8.2929e+00	3.9488e-01
4766.88	8.6031e+00	3.9322e-01
4767.66	7.7319e+00	3.9193e-01
4768.43	7.3803e+00	3.9190e-01
4769.21	9.0182e+00	3.9307e-01
4769.98	7.9977e+00	3.9211e-01
4770.76	8.4345e+00	3.9111e-01
4771.53	8.4144e+00	3.9296e-01
4772.31	7.7811e+00	3.9307e-01
4773.08	7.7352e+00	3.9287e-01
4773.86	7.1384e+00	3.9287e-01
4774.63	7.2059e+00	3.9158e-01
4775.41	7.7770e+00	3.9225e-01
4776.18	7.9895e+00	3.9065e-01
4776.96	8.9278e+00	3.9316e-01
4777.73	8.7608e+00	3.9297e-01
4778.51	8.8507e+00	3.9208e-01
4779.28	8.8145e+00	3.9099e-01
4780.06	8.1772e+00	3.9135e-01
4780.83	7.4749e+00	3.9219e-01
4781.61	7.9261e+00	3.9152e-01
4782.38	7.7634e+00	3.8969e-01
4783.16	7.4715e+00	3.8858e-01
4783.93	7.0912e+00	3.9005e-01
4784.70	7.0233e+00	3.8910e-01
4785.48	8.1369e+00	3.9133e-01
4786.25	7.1161e+00	3.8996e-01
4787.03	7.5164e+00	3.8924e-01
4787.80	7.7533e+00	3.9094e-01
4788.58	7.6639e+00	3.8879e-01
4789.35	6.9857e+00	3.8838e-01
4790.13	6.3605e+00	3.8819e-01
4790.90	6.6889e+00	3.8854e-01
4791.68	7.4309e+00	3.8857e-01
4792.45	7.8598e+00	3.8937e-01
4793.23	7.7774e+00	3.8821e-01
4794.00	6.9951e+00	3.8932e-01
4794.78	7.2017e+00	3.8753e-01
4795.55	7.5577e+00	3.8762e-01
4796.33	8.0146e+00	3.8904e-01
4797.10	7.1467e+00	3.8866e-01
4797.88	7.0040e+00	3.8684e-01
4798.65	7.1510e+00	3.8717e-01
4799.43	7.2210e+00	3.8627e-01
4800.20	8.0926e+00	3.8724e-01
4800.98	7.3470e+00	3.8635e-01
4801.75	8.4140e+00	3.8759e-01
4802.53	8.1262e+00	3.8723e-01
4803.30	7.1305e+00	3.8683e-01
4804.08	7.6981e+00	3.8672e-01
4804.85	7.2416e+00	3.8673e-01
4805.63	7.9665e+00	3.8594e-01
4806.40	6.4722e+00	3.8498e-01
4807.18	7.7611e+00	3.8370e-01
4807.95	7.2128e+00	3.8667e-01
4808.73	6.7710e+00	3.8635e-01
4809.50	6.9893e+00	3.8536e-01
4810.27	7.8961e+00	3.8742e-01
4811.05	7.1994e+00	3.8596e-01
4811.82	6.8053e+00	3.8400e-01
4812.60	7.3448e+00	3.8597e-01
4813.37	7.2925e+00	3.8503e-01
4814.15	6.5103e+00	3.8504e-01
4814.92	6.0637e+00	3.8458e-01
4815.70	6.4018e+00	3.8593e-01
4816.47	7.4059e+00	3.8713e-01
4817.25	7.3293e+00	3.8591e-01
4818.02	7.0541e+00	3.8650e-01
4818.80	7.1184e+00	3.8522e-01
4819.57	7.0090e+00	3.8624e-01
4820.35	6.9841e+00	3.8601e-01
4821.12	7.5090e+00	3.8587e-01
4821.90	6.9050e+00	3.8678e-01
4822.67	7.2464e+00	3.8485e-01
4823.45	6.4318e+00	3.8399e-01
4824.22	6.6198e+00	3.8440e-01
4825.00	7.0299e+00	3.8435e-01
4825.77	6.5140e+00	3.8293e-01
4826.55	6.4443e+00	3.8354e-01
4827.32	7.6530e+00	3.8358e-01
4828.10	7.0721e+00	3.8568e-01
4828.87	6.6362e+00	3.8476e-01
4829.65	6.7119e+00	3.8528e-01
4830.42	8.0598e+00	3.8474e-01
4831.20	7.9335e+00	3.8543e-01
4831.97	7.2813e+00	3.9761e-01
4832.75	6.7932e+00	4.0164e-01
4833.52	6.8566e+00	4.0260e-01
4834.30	6.7812e+00	3.9750e-01
4835.07	7.1569e+00	3.9228e-01
4835.84	6.0063e+00	3.9325e-01
4836.62	6.5821e+00	4.0156e-01
4837.39	6.7898e+00	3.9014e-01
4838.17	7.2494e+00	3.9212e-01
4838.94	8.3516e+00	3.9681e-01
4839.72	8.7445e+00	3.9697e-01
4840.49	6.5084e+00	3.9123e-01
4841.27	7.2826e+00	3.9558e-01
4842.04	6.9656e+00	3.9522e-01
4842.82	6.9624e+00	3.9157e-01
4843.59	7.7771e+00	3.9409e-01
4844.37	7.4153e+00	3.9306e-01
4845.14	7.0862e+00	3.8983e-01
4845.92	6.5258e+00	3.9053e-01
4846.69	6.6356e+00	3.9217e-01
4847.47	6.6427e+00	3.9136e-01
4848.24	7.1848e+00	3.8605e-01
4849.02	7.8491e+00	3.8216e-01
4849.79	7.6439e+00	3.8426e-01
4850.57	7.8236e+00	3.8388e-01
4851.34	7.1578e+00	3.7914e-01
4852.12	8.2459e+00	3.8198e-01
4852.89	7.0511e+00	3.8071e-01
4853.67	7.3894e+00	3.8248e-01
4854.44	7.7264e+00	3.8106e-01
4855.22	6.9862e+00	3.8032e-01
4855.99	6.6718e+00	3.8073e-01
4856.77	6.2915e+00	3.8005e-01
4857.54	7.1218e+00	3.7924e-01
4858.32	6.4902e+00	3.7940e-01
4859.09	6.8234e+00	3.7947e-01
4859.87	6.3968e+00	3.7767e-01
4860.64	6.8634e+00	3.7993e-01
4861.42	6.4822e+00	3.8141e-01
4862.19	6.5716e+00	3.7836e-01
4862.96	7.6183e+00	3.7859e-01
4863.74	6.6204e+00	3.7801e-01
4864.51	6.8451e+00	3.7893e-01
4865.29	6.3190e+00	3.7777e-01
4866.06	6.7574e+00	3.7943e-01
4866.84	6.3245e+00	3.7776e-01
4867.61	6.3994e+00	3.7927e-01
4868.39	8.3398e+00	3.7994e-01
4869.16	7.1563e+00	3.7957e-01
4869.94	7.2324e+00	3.7916e-01
4870.71	7.1960e+00	3.7791e-01
4871.49	6.1459e+00	3.7713e-01
4872.26	6.4845e+00	3.7494e-01
4873.04	6.0100e+00	3.7565e-01
4873.81	6.4270e+00	3.7645e-01
4874.59	7.5936e+00	3.7728e-01
4875.36	8.1242e+00	3.7707e-01
4876.14	6.6115e+00	3.7589e-01
4876.91	6.4837e+00	3.7534e-01
4877.69	6.6599e+00	3.7454e-01
4878.46	7.0779e+00	3.7598e-01
4879.24	6.7870e+00	3.7602e-01
4880.01	6.6486e+00	3.7810e-01
4880.79	7.3668e+00	3.7629e-01
4881.56	6.5017e+00	3.7618e-01
4882.34	7.2184e+00	3.7604e-01
4883.11	6.5483e+00	3.7563e-01
4883.89	6.1186e+00	3.7531e-01
4884.66	7.5107e+00	3.7642e-01
4885.44	6.4715e+00	3.7585e-01
4886.21	7.3091e+00	3.7643e-01
4886.99	6.9410e+00	3.7600e-01
4887.76	6.1011e+00	3.7521e-01
4888.53	6.7283e+00	3.7487e-01
4889.31	7.7795e+00	3.7483e-01
4890.08	7.0274e+00	3.7480e-01
4890.86	7.0114e+00	3.7397e-01
4891.63	7.6570e+00	3.7341e-01
4892.41	6.3997e+00	3.7360e-01
4893.18	5.7595e+00	3.7334e-01
4893.96	6.5381e+00	3.7211e-01
4894.73	7.1421e+00	3.7342e-01
4895.51	7.7634e+00	3.7586e-01
4896.28	5.9778e+00	3.7402e-01
4897.06	6.8737e+00	3.7221e-01
4897.83	5.8175e+00	3.7311e-01
4898.61	7.1085e+00	3.7576e-01
4899.38	7.2555e+00	3.7303e-01
4900.16	6.9524e+00	3.7223e-01
4900.93	6.4401e+00	3.7272e-01
4901.71	6.0487e+00	3.7309e-01
4902.48	6.5250e+00	3.7334e-01
4903.26	6.8180e+00	3.7135e-01
4904.03	6.2513e+00	3.7153e-01
4904.81	6.5135e+00	3.7374e-01
4905.58	6.8396e+00	3.7148e-01
4906.36	6.2222e+00	3.7016e-01
4907.13	6.4755e+00	3.7394e-01
4907.91	7.1675e+00	3.7220e-01
4908.68	7.2055e+00	3.7250e-01
4909.46	6.8323e+00	3.7117e-01
4910.23	7.1670e+00	3.7294e-01
4911.01	6.8962e+00	3.7075e-01
4911.78	6.9439e+00	3.7089e-01
4912.56	6.6483e+00	3.7091e-01
4913.33	7.1321e+00	3.7079e-01
4914.10	6.3133e+00	3.7126e-01
4914.88	6.8368e+00	3.7018e-01
4915.65	7.6214e+00	3.7046e-01
4916.43	6.3807e+00	3.6947e-01
4917.20	6.8295e+00	3.6930e-01
4917.98	6.9471e+00	3.7250e-01
4918.75	6.6221e+00	3.7702e-01
4919.53	7.2198e+00	3.7944e-01
4920.30	7.6348e+00	3.8057e-01
4921.08	7.1801e+00	3.8207e-01
4921.85	6.3475e+00	3.7194e-01
4922.63	5.9592e+00	3.7029e-01
4923.40	6.7482e+00	3.7042e-01
4924.18	7.4698e+00	3.6916e-01
4924.95	6.2631e+00	3.6895e-01
4925.73	7.2758e+00	3.6808e-01
4926.50	7.0282e+00	3.6868e-01
4927.28	7.6016e+00	3.6899e-01
4928.05	6.8084e+00	3.6824e-01
4928.83	7.3281e+00	3.6924e-01
4929.60	6.9337e+00	3.6816e-01
4930.38	6.0576e+00	3.6723e-01
4931.15	7.0063e+00	3.6868e-01
4931.93	6.5643e+00	3.6817e-01
4932.70	6.5823e+00	3.6646e-01
4933.48	5.9318e+00	3.6607e-01
4934.25	6.0124e+00	3.6642e-01
4935.03	6.7870e+00	3.6688e-01
4935.80	6.6898e+00	3.6756e-01
4936.58	7.1503e+00	3.6746e-01
4937.35	6.2435e+00	3.6767e-01
4938.13	6.7224e+00	3.7530e-01
4938.90	6.2509e+00	3.8196e-01
4939.68	6.6076e+00	3.7874e-01
4940.45	6.6796e+00	3.7788e-01
4941.22	7.2591e+00	3.6798e-01
4942.00	6.8814e+00	3.6592e-01
4942.77	6.1961e+00	3.6717e-01
4943.55	7.2353e+00	3.6686e-01
4944.32	6.5096e+00	3.6608e-01
4945.10	7.0600e+00	3.6535e-01
4945.87	6.5721e+00	3.6502e-01
4946.65	6.0446e+00	3.6536e-01
4947.42	6.5827e+00	3.6584e-01
4948.20	6.2074e+00	3.6508e-01
4948.97	5.7177e+00	3.6567e-01
4949.75	6.7276e+00	3.6572e-01
4950.52	6.2856e+00	3.6421e-01
4951.30	5.4566e+00	3.6260e-01
4952.07	6.3927e+00	3.6452e-01
4952.85	6.6987e+00	3.6466e-01
4953.62	5.8485e+00	3.6556e-01
4954.40	6.9909e+00	3.6573e-01
4955.17	1.0973e+01	3.7263e-01
4955.95	2.2616e+01	3.9251e-01
4956.72	2.5521e+01	3.9799e-01
4957.50	1.5238e+01	3.7945e-01
4958.27	7.2833e+00	3.6558e-01
4959.05	6.8015e+00	3.6355e-01
4959.82	6.6726e+00	3.6381e-01
4960.60	6.2682e+00	3.6309e-01
4961.37	6.2166e+00	3.6255e-01
4962.15	6.5093e+00	3.6269e-01
4962.92	6.3442e+00	3.6341e-01
4963.70	6.4908e+00	3.6326e-01
4964.47	7.1323e+00	3.6560e-01
4965.25	6.0686e+00	3.6320e-01
4966.02	6.2737e+00	3.6325e-01
4966.79	6.6367e+00	3.6429e-01
4967.57	7.1823e+00	3.6596e-01
4968.34	7.3412e+00	3.6538e-01
4969.12	6.2635e+00	3.6211e-01
4969.89	6.2900e+00	3.6303e-01
4970.67	6.4612e+00	3.6357e-01
4971.44	7.2730e+00	3.6339e-01
4972.22	6.4454e+00	3.6170e-01
4972.99	5.6998e+00	3.6219e-01
4973.77	6.7582e+00	3.6133e-01
4974.54	6.3319e+00	3.6185e-01
4975.32	6.1745e+00	3.6111e-01
4976.09	6.4116e+00	3.6304e-01
4976.87	6.3961e+00	3.6416e-01
4977.64	6.3179e+00	3.6151e-01
4978.42	5.5751e+00	3.6112e-01
4979.19	6.6023e+00	3.6033e-01
4979.97	6.7711e+00	3.6129e-01
4980.74	6.5294e+00	3.5936e-01
4981.52	6.4057e+00	3.6048e-01
4982.29	6.4576e+00	3.6090e-01
4983.07	7.3119e+00	3.5990e-01
4983.84	7.2446e+00	3.6430e-01
4984.62	7.3772e+00	3.6979e-01
4985.39	7.3546e+00	3.6398e-01
4986.17	6.5491e+00	3.6023e-01
4986.94	6.1084e+00	3.5960e-01
4987.72	6.6092e+00	3.6065e-01
4988.49	6.2742e+00	3.5824e-01
4989.27	6.7962e+00	3.5984e-01
4990.04	6.4897e+00	3.5891e-01
4990.82	6.2871e+00	3.6026e-01
4991.59	6.8426e+00	3.5963e-01
4992.37	6.3695e+00	3.5973e-01
4993.14	6.8067e+00	3.5932e-01
4993.91	5.4238e+00	3.5718e-01
4994.69	6.6912e+00	3.5826e-01
4995.46	6.3801e+00	3.5869e-01
4996.24	6.2041e+00	3.5649e-01
4997.01	6.7604e+00	3.4969e-01
4997.79	6.5136e+00	3.5016e-01
4998.56	6.2694e+00	3.5131e-01
4999.34	6.8291e+00	3.5555e-01
5000.11	6.2880e+00	3.5572e-01
5000.89	6.1410e+00	3.5692e-01
5001.66	5.9127e+00	3.5859e-01
5002.44	6.9541e+00	3.5819e-01
5003.21	6.3098e+00	3.5870e-01
5003.99	7.3869e+00	3.5818e-01
5004.76	6.5414e+00	3.5707e-01
5005.54	6.5105e+00	3.5212e-01
5006.31	6.2875e+00	3.5013e-01
5007.09	7.0140e+00	3.4984e-01
5007.86	5.9624e+00	3.5114e-01
5008.64	6.9021e+00	3.5412e-01
5009.41	6.5630e+00	3.5527e-01
5010.19	6.6985e+00	3.5800e-01
5010.96	6.9710e+00	3.5706e-01
5011.74	6.5866e+00	3.5626e-01
5012.51	6.4318e+00	3.5306e-01
5013.29	6.6043e+00	3.4899e-01
5014.06	6.9149e+00	3.4825e-01
5014.84	5.5419e+00	3.5066e-01
5015.61	5.8189e+00	3.5376e-01
5016.39	6.0668e+00	3.5462e-01
5017.16	6.0311e+00	3.5512e-01
5017.94	6.7734e+00	3.5445e-01
5018.71	6.8825e+00	3.5293e-01
5019.48	5.9448e+00	3.5051e-01
5020.26	6.2990e+00	3.4880e-01
5021.03	6.6354e+00	3.4853e-01
5021.81	7.2497e+00	3.4976e-01
5022.58	6.1602e+00	3.5167e-01
5023.36	6.4501e+00	3.5184e-01
5024.13	5.4923e+00	3.4856e-01
5024.91	6.4221e+00	3.4666e-01
5025.68	6.1014e+00	3.4804e-01
5026.46	6.0557e+00	3.5056e-01
5027.23	6.0685e+00	3.5305e-01
5028.01	6.5898e+00	3.5266e-01
5028.78	6.8619e+00	3.5298e-01
5029.56	5.7181e+00	3.5341e-01
5030.33	6.5074e+00	3.5341e-01
5031.11	6.1138e+00	3.5433e-01
5031.88	6.7106e+00	3.5367e-01
5032.66	5.3655e+00	3.5331e-01
5033.43	6.1736e+00	3.5401e-01
5034.21	5.5860e+00	3.5384e-01
5034.98	5.9461e+00	3.5380e-01
5035.76	5.7412e+00	3.5302e-01
5036.53	5.6355e+00	3.5191e-01
5037.31	6.8111e+00	3.5350e-01
5038.08	6.5290e+00	3.5453e-01
5038.86	6.5590e+00	3.5961e-01
5039.63	6.6604e+00	3.5735e-01
5040.41	6.2689e+00	3.5363e-01
5041.18	6.5188e+00	3.5167e-01
5041.96	5.9224e+00	3.5353e-01
5042.73	6.5033e+00	3.5363e-01
5043.51	6.8075e+00	3.5382e-01
5044.28	6.1993e+00	3.5388e-01
5045.05	6.2742e+00	3.5343e-01
5045.83	6.1945e+00	3.5327e-01
5046.60	6.1775e+00	3.5131e-01
5047.38	4.9189e+00	3.5276e-01
5048.15	6.1576e+00	3.5209e-01
5048.93	6.1477e+00	3.5304e-01
5049.70	6.2546e+00	3.5150e-01
5050.48	5.3646e+00	3.5043e-01
5051.25	6.2281e+00	3.5128e-01
5052.03	6.8867e+00	3.5086e-01
5052.80	6.4464e+00	3.5129e-01
5053.58	6.7222e+00	3.5193e-01
5054.35	6.5268e+00	3.5282e-01
5055.13	1.2134e+01	3.6265e-01
5055.90	2.0464e+01	3.7655e-01
5056.68	1.5619e+01	3.6602e-01
5057.45	9.5582e+00	3.5647e-01
5058.23	6.1929e+00	3.5208e-01
5059.00	5.4604e+00	3.5121e-01
5059.78	6.6637e+00	3.5115e-01
5060.55	5.9947e+00	3.5008e-01
5061.33	5.5180e+00	3.5149e-01
5062.10	7.2188e+00	3.5194e-01
5062.88	5.9139e+00	3.5110e-01
5063.65	6.2801e+00	3.5159e-01
5064.43	6.4777e+00	3.5109e-01
5065.20	6.3174e+00	3.5035e-01
5065.98	6.4486e+00	3.4954e-01
5066.75	5.0457e+00	3.5085e-01
5067.53	5.3281e+00	3.4916e-01
5068.30	6.3687e+00	3.5079e-01
5069.08	5.3547e+00	3.4794e-01
5069.85	6.3712e+00	3.4952e-01
5070.63	5.6784e+00	3.5073e-01
5071.40	6.4715e+00	3.4975e-01
5072.17	6.6412e+00	3.5486e-01
5072.95	6.6996e+00	3.5622e-01
5073.72	6.3871e+00	3.5132e-01
5074.50	6.9352e+00	3.5005e-01
5075.27	6.8161e+00	3.5140e-01
5076.05	6.5825e+00	3.4973e-01
5076.82	6.3878e+00	3.4915e-01
5077.60	6.8111e+00	3.4945e-01
5078.37	6.8175e+00	3.4889e-01
5079.15	5.1231e+00	3.4821e-01
5079.92	6.2470e+00	3.4731e-01
5080.70	5.8216e+00	3.4877e-01
5081.47	6.5171e+00	3.4772e-01
5082.25	5.9534e+00	3.4991e-01
5083.02	6.0280e+00	3.4877e-01
5083.80	6.8027e+00	3.5030e-01
5084.57	6.1047e+00	3.4946e-01
5085.35	5.7217e+00	3.4805e-01
5086.12	5.9293e+00	3.4899e-01
5086.90	6.1389e+00	3.4636e-01
5087.67	5.3244e+00	3.4893e-01
5088.45	5.8494e+00	3.4779e-01
5089.22	6.4197e+00	3.4823e-01
5090.00	5.8894e+00	3.4798e-01
5090.77	5.9877e+00	3.4922e-01
5091.55	6.6213e+00	3.4916e-01
5092.32	6.9280e+00	3.5018e-01
5093.10	5.5919e+00	3.4893e-01
5093.87	6.4352e+00	3.4759e-01
5094.65	5.7319e+00	3.4600e-01
5095.42	5.1366e+00	3.4675e-01
5096.20	6.1690e+00	3.4849e-01
5096.97	5.7905e+00	3.4759e-01
5097.74	5.9557e+00	3.4612e-01
5098.52	5.8281e+00	3.4861e-01
5099.29	6.4657e+00	3.4776e-01
5100.07	6.2000e+00	3.4826e-01
5100.84	6.2784e+00	3.4766e-01
5101.62	5.7046e+00	3.4823e-01
5102.39	7.0461e+00	3.4867e-01
5103.17	8.6567e+00	3.5258e-01
5103.94	2.3150e+01	3.7725e-01
5104.72	4.5275e+01	4.1138e-01
5105.49	3.5620e+01	3.9690e-01
5106.27	1.4891e+01	3.6266e-01
5107.04	8.3564e+00	3.5123e-01
5107.82	7.0856e+00	3.4704e-01
5108.59	6.0602e+00	3.4757e-01
5109.37	6.1705e+00	3.4485e-01
5110.14	5.7755e+00	3.4684e-01
5110.92	6.5720e+00	3.4717e-01
5111.69	6.8971e+00	3.4732e-01
5112.47	5.4816e+00	3.4630e-01
5113.24	5.9376e+00	3.4640e-01
5114.02	5.7568e+00	3.4746e-01
5114.79	6.0890e+00	3.4692e-01
5115.57	5.8829e+00	3.4753e-01
5116.34	6.2630e+00	3.4651e-01
5117.12	6.6969e+00	3.4583e-01
5117.89	5.8424e+00	3.4621e-01
5118.67	5.2758e+00	3.4530e-01
5119.44	5.5792e+00	3.4587e-01
5120.22	6.2570e+00	3.4519e-01
5120.99	5.3043e+00	3.4420e-01
5121.77	5.5624e+00	3.4454e-01
5122.54	5.6304e+00	3.4493e-01
5123.32	7.0157e+00	3.4563e-01
5124.09	6.9670e+00	3.4506e-01
5124.86	5.7726e+00	3.4395e-01
5125.64	6.0751e+00	3.5228e-01
5126.41	5.6446e+00	3.5503e-01
5127.19	6.0016e+00	3.5396e-01
5127.96	5.7327e+00	3.5267e-01
5128.74	5.8236e+00	3.5281e-01
5129.51	6.4349e+00	3.5306e-01
5130.29	6.3438e+00	3.4665e-01
5131.06	6.4970e+00	3.4492e-01
5131.84	7.3003e+00	3.4576e-01
5132.61	6.2707e+00	3.4521e-01
5133.39	5.5149e+00	3.4466e-01
5134.16	6.5244e+00	3.4594e-01
5134.94	5.9387e+00	3.4678e-01
5135.71	6.1746e+00	3.4549e-01
5136.49	6.1756e+00	3.4391e-01
5137.26	6.1459e+00	3.4485e-01
5138.04	5.9303e+00	3.4520e-01
5138.81	5.7126e+00	3.4334e-01
5139.59	5.9483e+00	3.4226e-01
5140.36	5.0880e+00	3.4239e-01
5141.14	6.3256e+00	3.4411e-01
5141.91	5.6501e+00	3.4418e-01
5142.69	6.2365e+00	3.4434e-01
5143.46	5.9206e+00	3.4384e-01
5144.24	6.4065e+00	3.4477e-01
5145.01	5.8906e+00	3.4326e-01
5145.79	6.2912e+00	3.4393e-01
5146.56	6.3012e+00	3.4256e-01
5147.34	5.8768e+00	3.4291e-01
5148.11	6.3431e+00	3.4213e-01
5148.89	6.4942e+00	3.4275e-01
5149.66	6.1263e+00	3.4170e-01
5150.43	5.3562e+00	3.4256e-01
5151.21	6.2115e+00	3.4256e-01
5151.98	5.5600e+00	3.4100e-01
5152.76	6.2953e+00	3.4228e-01
5153.53	5.9390e+00	3.4248e-01
5154.31	5.8680e+00	3.4081e-01
5155.08	6.3833e+00	3.4210e-01
5155.86	6.3417e+00	3.4205e-01
5156.63	6.6553e+00	3.4185e-01
5157.41	6.1659e+00	3.4345e-01
5158.18	5.7301e+00	3.4089e-01
5158.96	5.8379e+00	3.4088e-01
5159.73	6.0289e+00	3.4048e-01
5160.51	6.8302e+00	3.4231e-01
5161.28	5.8148e+00	3.4089e-01
5162.06	5.8908e+00	3.3971e-01
5162.83	6.0294e+00	3.4113e-01
5163.61	6.6778e+00	3.4159e-01
5164.38	6.6513e+00	3.4026e-01
5165.16	6.1047e+00	3.4023e-01
5165.93	5.5324e+00	3.3923e-01
5166.71	5.6484e+00	3.3969e-01
5167.48	6.2347e+00	3.3898e-01
5168.26	6.3271e+00	3.4117e-01
5169.03	5.2731e+00	3.3921e-01
5169.81	5.2889e+00	3.3984e-01
5170.58	6.5151e+00	3.3968e-01
5171.36	6.1599e+00	3.3842e-01
5172.13	5.7285e+00	3.3778e-01
5172.91	5.3643e+00	3.3695e-01
5173.68	5.2605e+00	3.3941e-01
5174.46	6.0132e+00	3.3894e-01
5175.23	5.3412e+00	3.3907e-01
5176.00	5.8905e+00	3.3874e-01
5176.78	5.8379e+00	3.3839e-01
5177.55	6.2419e+00	3.3914e-01
5178.33	5.3060e+00	3.3776e-01
5179.10	6.8582e+00	3.3822e-01
5179.88	6.0860e+00	3.3898e-01
5180.65	5.0189e+00	3.3809e-01
5181.43	5.3510e+00	3.3779e-01
5182.20	5.7757e+00	3.3682e-01
5182.98	5.7161e+00	3.3470e-01
5183.75	5.6342e+00	3.3681e-01
5184.53	6.4278e+00	3.3665e-01
5185.30	5.7678e+00	3.3770e-01
5186.08	5.9195e+00	3.3775e-01
5186.85	5.7037e+00	3.3779e-01
5187.63	5.4106e+00	3.3925e-01
5188.40	5.7083e+00	3.3675e-01
5189.18	5.6056e+00	3.3708e-01
5189.95	6.3682e+00	3.3729e-01
5190.73	6.0332e+00	3.3780e-01
5191.50	4.8949e+00	3.3676e-01
5192.28	5.8401e+00	3.3519e-01
5193.05	5.7749e+00	3.4011e-01
5193.83	5.2432e+00	3.3659e-01
5194.60	5.5392e+00	3.3537e-01
5195.38	6.1620e+00	3.3749e-01
5196.15	5.3226e+00	3.3726e-01
5196.93	5.4120e+00	3.3930e-01
5197.70	5.8656e+00	3.5019e-01
5198.48	5.7484e+00	3.4839e-01
5199.25	5.1639e+00	3.3807e-01
5200.03	5.4167e+00	3.4544e-01
5200.80	5.7458e+00	3.4458e-01
5201.58	5.7447e+00	3.3848e-01
5202.35	5.2472e+00	3.3633e-01
5203.12	5.3724e+00	3.3768e-01
5203.90	5.5374e+00	3.3541e-01
5204.67	6.1970e+00	3.3477e-01
5205.45	5.9109e+00	3.3452e-01
5206.22	5.3868e+00	3.3334e-01
5207.00	6.0308e+00	3.3480e-01
5207.77	5.5453e+00	3.3453e-01
5208.55	5.3774e+00	3.3503e-01
5209.32	5.6473e+00	3.3641e-01
5210.10	6.2782e+00	3.3620e-01
5210.87	6.2261e+00	3.3280e-01
5211.65	5.5081e+00	3.3428e-01
5212.42	6.5988e+00	3.3534e-01
5213.20	5.6080e+00	3.3494e-01
5213.97	5.7776e+00	3.3381e-01
5214.75	5.5558e+00	3.3364e-01
5215.52	5.4464e+00	3.3189e-01
5216.30	5.1546e+00	3.3220e-01
5217.07	5.6387e+00	3.3419e-01
5217.85	5.4591e+00	3.3327e-01
5218.62	6.1106e+00	3.3391e-01
5219.40	6.3963e+00	3.3318e-01
5220.17	6.6530e+00	3.3472e-01
5220.95	6.1069e+00	3.3298e-01
5221.72	5.1831e+00	3.3386e-01
5222.50	6.1494e+00	3.3424e-01
5223.27	6.0185e+00	3.3440e-01
5224.05	5.7477e+00	3.3532e-01
5224.82	5.2287e+00	3.3298e-01
5225.60	4.9976e+00	3.3247e-01
5226.37	5.6688e+00	3.3337e-01
5227.15	5.4788e+00	3.3262e-01
5227.92	6.0969e+00	3.3330e-01
5228.69	6.1506e+00	3.3330e-01
5229.47	5.1650e+00	3.3175e-01
5230.24	4.4926e+00	3.3299e-01
5231.02	5.2488e+00	3.3225e-01
5231.79	4.9601e+00	3.3308e-01
5232.57	5.2262e+00	3.3283e-01
5233.34	6.0900e+00	3.3312e-01
5234.12	5.5117e+00	3.3359e-01
5234.89	5.9582e+00	3.3213e-01
5235.67	5.3219e+00	3.3318e-01
5236.44	5.7051e+00	3.3386e-01
5237.22	6.4262e+00	3.3384e-01
5237.99	5.9259e+00	3.3422e-01
5238.77	6.0341e+00	3.3390e-01
5239.54	5.3517e+00	3.3356e-01
5240.32	5.3475e+00	3.3036e-01
5241.09	5.4616e+00	3.3150e-01
5241.87	6.1784e+00	3.3209e-01
5242.64	5.6586e+00	3.3183e-01
5243.42	5.4480e+00	3.3088e-01
5244.19	5.4095e+00	3.3134e-01
5244.97	6.3053e+00	3.3185e-01
5245.74	5.9829e+00	3.3142e-01
5246.52	5.4467e+00	3.3243e-01
5247.29	5.2776e+00	3.3072e-01
5248.07	4.9209e+00	3.3068e-01
5248.84	4.8659e+00	3.3053e-01
5249.62	5.3733e+00	3.3141e-01
5250.39	6.4119e+00	3.3139e-01
5251.17	5.5910e+00	3.3006e-01
5251.94	5.3862e+00	3.2991e-01
5252.72	4.9744e+00	3.3106e-01
5253.49	5.6105e+00	3.3083e-01
5254.27	5.9116e+00	3.3078e-01
5255.04	5.4493e+00	3.3151e-01
5255.81	5.2204e+00	3.3250e-01
5256.59	5.3390e+00	3.3195e-01
5257.36	6.0402e+00	3.3717e-01
5258.14	5.3711e+00	3.4029e-01
5258.91	6.4062e+00	3.3904e-01
5259.69	6.0803e+00	3.4188e-01
5260.46	6.2193e+00	3.3121e-01
5261.24	5.9265e+00	3.2965e-01
5262.01	5.9952e+00	3.3156e-01
5262.79	5.0788e+00	3.3043e-01
5263.56	6.2315e+00	3.3172e-01
5264.34	6.6204e+00	3.3159e-01
5265.11	5.6903e+00	3.3027e-01
5265.89	5.9211e+00	3.2894e-01
5266.66	5.4752e+00	3.2928e-01
5267.44	5.2416e+00	3.2993e-01
5268.21	5.6699e+00	3.2880e-01
5268.99	5.6311e+00	3.2912e-01
5269.76	5.5848e+00	3.2849e-01
5270.54	5.2276e+00	3.2914e-01
5271.31	4.9223e+00	3.2815e-01
5272.09	5.5885e+00	3.2978e-01
5272.86	5.8788e+00	3.2954e-01
5273.64	5.1603e+00	3.2970e-01
5274.41	5.3279e+00	3.2898e-01
5275.19	4.6781e+00	3.2984e-01
5275.96	5.8416e+00	3.3062e-01
5276.74	4.4983e+00	3.2891e-01
5277.51	5.9898e+00	3.2965e-01
5278.29	5.6816e+00	3.2839e-01
5279.06	5.1555e+00	3.2822e-01
5279.84	5.5181e+00	3.2907e-01
5280.61	5.2062e+00	3.2973e-01
5281.38	6.2401e+00	3.2948e-01
5282.16	5.5597e+00	3.2988e-01
5282.93	5.3489e+00	3.2840e-01
5283.71	5.9775e+00	3.2868e-01
5284.48	5.0778e+00	3.2839e-01
5285.26	5.2679e+00	3.2744e-01
5286.03	5.3084e+00	3.2981e-01
5286.81	5.8741e+00	3.2955e-01
5287.58	5.1682e+00	3.2957e-01
5288.36	5.8679e+00	3.2896e-01
5289.13	5.0002e+00	3.2978e-01
5289.91	5.5470e+00	3.2905e-01
5290.68	5.5134e+00	3.2989e-01
5291.46	6.0605e+00	3.3025e-01
5292.23	6.4402e+00	3.2903e-01
5293.01	6.0088e+00	3.3090e-01
5293.78	5.7906e+00	3.2963e-01
5294.56	4.3025e+00	3.2873e-01
5295.33	5.3339e+00	3.2944e-01
5296.11	5.1722e+00	3.2867e-01
5296.88	5.1380e+00	3.2832e-01
5297.66	5.2064e+00	3.2882e-01
5298.43	5.5089e+00	3.3007e-01
5299.21	4.9787e+00	3.3005e-01
5299.98	5.7687e+00	3.3118e-01
5300.76	5.2702e+00	3.2857e-01
5301.53	5.7098e+00	3.2963e-01
5302.31	5.5663e+00	3.3025e-01
5303.08	6.3782e+00	3.3073e-01
5303.86	5.8695e+00	3.3051e-01
5304.63	6.5452e+00	3.3032e-01
5305.41	5.9432e+00	3.2932e-01
5306.18	4.8683e+00	3.2970e-01
5306.95	5.6363e+00	3.3034e-01
5307.73	5.0773e+00	3.2885e-01
5308.50	5.2826e+00	3.2849e-01
5309.28	4.8232e+00	3.2868e-01
5310.05	5.9023e+00	3.2967e-01
5310.83	5.3988e+00	3.2877e-01
5311.60	4.9403e+00	3.3051e-01
5312.38	4.5993e+00	3.2944e-01
5313.15	5.0243e+00	3.3096e-01
5313.93	5.5703e+00	3.2941e-01
5314.70	5.1980e+00	3.2964e-01
5315.48	5.2342e+00	3.2908e-01
5316.25	5.4222e+00	3.2965e-01
5317.03	5.1963e+00	3.3021e-01
5317.80	5.2519e+00	3.3135e-01
5318.58	5.1931e+00	3.3051e-01
5319.35	5.1799e+00	3.2921e-01
5320.13	4.7092e+00	3.2966e-01
5320.90	5.6460e+00	3.2950e-01
5321.68	5.3283e+00	3.2970e-01
5322.45	5.5843e+00	3.3075e-01
5323.23	4.4679e+00	3.2880e-01
5324.00	5.2280e+00	3.2977e-01
5324.78	5.3162e+00	3.2959e-01
5325.55	5.6683e+00	3.3060e-01
5326.33	5.1469e+00	3.2985e-01
5327.10	5.3723e+00	3.3153e-01
5327.88	5.0112e+00	3.2968e-01
5328.65	4.6378e+00	3.2867e-01
5329.43	5.0032e+00	3.2956e-01
5330.20	4.4615e+00	3.3191e-01
5330.98	5.6548e+00	3.3292e-01
5331.75	5.4809e+00	3.3154e-01
5332.53	5.8874e+00	3.2961e-01
5333.30	4.9151e+00	3.2992e-01
5334.07	5.4324e+00	3.3112e-01
5334.85	5.8391e+00	3.3079e-01
5335.62	5.1581e+00	3.3064e-01
5336.40	5.8758e+00	3.3121e-01
5337.17	5.6093e+00	3.3068e-01
5337.95	5.4197e+00	3.3202e-01
5338.72	5.2385e+00	3.3186e-01
5339.50	5.7986e+00	3.3075e-01
5340.27	5.7369e+00	3.3068e-01
5341.05	6.2334e+00	3.3079e-01
5341.82	5.2276e+00	3.3109e-01
5342.60	5.1938e+00	3.3125e-01
5343.37	4.9959e+00	3.2980e-01
5344.15	5.8389e+00	3.3141e-01
5344.92	6.0410e+00	3.3395e-01
5345.70	4.9854e+00	3.3221e-01
5346.47	5.3545e+00	3.3181e-01
5347.25	5.4214e+00	3.3243e-01
5348.02	5.2151e+00	3.3107e-01
5348.80	4.2646e+00	3.2971e-01
5349.57	4.8983e+00	3.2984e-01
5350.35	4.8791e+00	3.3051e-01
5351.12	4.9778e+00	3.3219e-01
5351.90	5.0621e+00	3.3037e-01
5352.67	4.9209e+00	3.3178e-01
5353.45	5.2756e+00	3.2905e-01
5354.22	5.7454e+00	3.3211e-01
5355.00	4.9077e+00	3.3072e-01
5355.77	5.3370e+00	3.3228e-01
5356.55	5.4339e+00	3.3208e-01
5357.32	5.2241e+00	3.3242e-01
5358.10	5.6197e+00	3.3210e-01
5358.87	5.3067e+00	3.3062e-01
5359.64	5.2819e+00	3.3246e-01
5360.42	5.5253e+00	3.3336e-01
5361.19	5.0573e+00	3.3150e-01
5361.97	5.8954e+00	3.3306e-01
5362.74	4.8428e+00	3.3287e-01
5363.52	6.1892e+00	3.3198e-01
5364.29	5.3176e+00	3.3134e-01
5365.07	5.7052e+00	3.3139e-01
5365.84	5.4973e+00	3.3227e-01
5366.62	5.6494e+00	3.3298e-01
5367.39	5.6099e+00	3.3389e-01
5368.17	5.1693e+00	3.3321e-01
5368.94	4.7823e+00	3.3186e-01
5369.72	5.1090e+00	3.3258e-01
5370.49	6.4716e+00	3.3453e-01
5371.27	6.4411e+00	3.3538e-01
5372.04	5.7083e+00	3.3266e-01
5372.82	5.2718e+00	3.3377e-01
5373.59	5.6592e+00	3.3347e-01
5374.37	5.2500e+00	3.3239e-01
5375.14	5.5457e+00	3.3465e-01
5375.92	5.4406e+00	3.3376e-01
5376.69	6.0988e+00	3.3554e-01
5377.47	6.0747e+00	3.3424e-01
5378.24	5.9436e+00	3.3398e-01
5379.02	5.2335e+00	3.3423e-01
5379.79	5.5253e+00	3.3386e-01
5380.57	5.5805e+00	3.3437e-01
5381.34	5.1936e+00	3.3437e-01
5382.12	5.3616e+00	3.3435e-01
5382.89	4.5815e+00	3.3429e-01
5383.67	4.9885e+00	3.3425e-01
5384.44	5.2993e+00	3.3499e-01
5385.22	4.9945e+00	3.3446e-01
5385.99	5.2511e+00	3.3291e-01
5386.76	5.7790e+00	3.3376e-01
5387.54	5.1338e+00	3.3589e-01
5388.31	5.7603e+00	3.3373e-01
5389.09	5.9499e+00	3.3584e-01
5389.86	5.4154e+00	3.3554e-01
5390.64	5.3226e+00	3.3583e-01
5391.41	5.1475e+00	3.3837e-01
5392.19	5.7506e+00	3.3703e-01
5392.96	5.3288e+00	3.3625e-01
5393.74	5.5413e+00	3.3576e-01
5394.51	5.5414e+00	3.3624e-01
5395.29	5.4267e+00	3.3616e-01
5396.06	5.4887e+00	3.3468e-01
5396.84	5.3013e+00	3.3490e-01
5397.61	5.9065e+00	3.3609e-01
5398.39	5.5522e+00	3.3589e-01
5399.16	5.6227e+00	3.3556e-01
5399.94	5.7791e+00	3.3440e-01
5400.71	4.7461e+00	3.3553e-01
5401.49	5.2524e+00	3.3584e-01
5402.26	5.3866e+00	3.3594e-01
5403.04	5.2746e+00	3.3624e-01
5403.81	5.5417e+00	3.3599e-01
5404.59	5.3499e+00	3.3534e-01
5405.36	5.6994e+00	3.3588e-01
5406.14	5.1925e+00	3.3456e-01
5406.91	5.8130e+00	3.3630e-01
5407.69	5.1006e+00	3.3614e-01
5408.46	5.6572e+00	3.3643e-01
5409.24	5.3740e+00	3.3529e-01
5410.01	5.9813e+00	3.3340e-01
5410.79	5.1769e+00	3.3399e-01
5411.56	4.7142e+00	3.3310e-01
5412.33	5.2498e+00	3.3418e-01
5413.11	5.1432e+00	3.3469e-01
5413.88	4.7054e+00	3.3498e-01
5414.66	5.5353e+00	3.3383e-01
5415.43	5.3242e+00	3.3276e-01
5416.21	5.5735e+00	3.3319e-01
5416.98	4.3686e+00	3.3435e-01
5417.76	5.4739e+00	3.3340e-01
5418.53	5.1031e+00	3.3314e-01
5419.31	5.9017e+00	3.3516e-01
5420.08	5.1487e+00	3.3379e-01
5420.86	5.2745e+00	3.3546e-01
5421.63	5.4599e+00	3.3585e-01
5422.41	5.0461e+00	3.3452e-01
5423.18	5.3136e+00	3.3387e-01
5423.96	5.1277e+00	3.3427e-01
5424.73	5.3639e+00	3.3374e-01
5425.51	5.1350e+00	3.3484e-01
5426.28	5.6766e+00	3.3455e-01
5427.06	5.1339e+00	3.3453e-01
5427.83	6.0196e+00	3.3522e-01
5428.61	5.5831e+00	3.3376e-01
5429.38	5.6689e+00	3.3446e-01
5430.16	5.1087e+00	3.3267e-01
5430.93	5.3876e+00	3.3526e-01
5431.71	4.9023e+00	3.3369e-01
5432.48	4.7762e+00	3.3308e-01
5433.26	5.2136e+00	3.3316e-01
5434.03	5.3180e+00	3.3452e-01
5434.81	4.8553e+00	3.3479e-01
5435.58	4.7195e+00	3.3504e-01
5436.36	4.9817e+00	3.3567e-01
5437.13	5.7039e+00	3.3488e-01
5437.90	4.8175e+00	3.3356e-01
5438.68	4.7822e+00	3.3554e-01
5439.45	5.0703e+00	3.3655e-01
5440.23	5.3656e+00	3.3442e-01
5441.00	5.0342e+00	3.3524e-01
5441.78	5.2350e+00	3.3639e-01
5442.55	5.1199e+00	3.3412e-01
5443.33	4.6927e+00	3.3490e-01
5444.10	5.6702e+00	3.3415e-01
5444.88	5.0692e+00	3.3471e-01
5445.65	5.0199e+00	3.3482e-01
5446.43	5.7123e+00	3.3398e-01
5447.20	5.1406e+00	3.3472e-01
5447.98	5.0347e+00	3.3511e-01
5448.75	5.1585e+00	3.3467e-01
5449.53	5.1688e+00	3.3538e-01
5450.30	5.2532e+00	3.3533e-01
5451.08	5.4355e+00	3.3471e-01
5451.85	5.8409e+00	3.3493e-01
5452.63	5.5101e+00	3.3526e-01
5453.40	5.3899e+00	3.3574e-01
5454.18	5.6273e+00	3.3630e-01
5454.95	4.8239e+00	3.3422e-01
5455.73	5.0389e+00	3.3404e-01
5456.50	5.4829e+00	3.3584e-01
5457.28	5.1555e+00	3.3416e-01
5458.05	5.2859e+00	3.3588e-01
5458.83	5.4874e+00	3.3545e-01
5459.60	5.2683e+00	3.3512e-01
5460.38	6.0634e+00	3.3658e-01
5461.15	5.5378e+00	3.3616e-01
5461.93	5.4429e+00	3.3475e-01
5462.70	5.7840e+00	3.3579e-01
5463.48	5.5339e+00	3.3483e-01
5464.25	5.6563e+00	3.3677e-01
5465.02	4.8847e+00	3.3542e-01
5465.80	4.8880e+00	3.3552e-01
5466.57	4.2120e+00	3.3478e-01
5467.35	5.0656e+00	3.3539e-01
5468.12	5.1479e+00	3.3622e-01
5468.90	5.5556e+00	3.3585e-01
5469.67	4.6979e+00	3.3469e-01
5470.45	4.7770e+00	3.3538e-01
5471.22	5.9418e+00	3.3615e-01
5472.00	5.5571e+00	3.3610e-01
5472.77	5.8186e+00	3.3639e-01
5473.55	5.2555e+00	3.3670e-01
5474.32	4.9732e+00	3.3605e-01
5475.10	4.6319e+00	3.3601e-01
5475.87	4.9193e+00	3.3672e-01
5476.65	5.4238e+00	3.3570e-01
5477.42	5.8827e+00	3.3623e-01
5478.20	5.8395e+00	3.3652e-01
5478.97	5.6589e+00	3.3775e-01
5479.75	4.9850e+00	3.3699e-01
5480.52	5.4764e+00	3.3571e-01
5481.30	5.5698e+00	3.3535e-01
5482.07	4.8223e+00	3.3634e-01
5482.85	5.0943e+00	3.3581e-01
5483.62	5.5354e+00	3.3664e-01
5484.40	5.6101e+00	3.3709e-01
5485.17	5.3625e+00	3.3665e-01
5485.95	5.0495e+00	3.3658e-01
5486.72	5.5103e+00	3.3747e-01
5487.50	4.9127e+00	3.3578e-01
5488.27	4.4067e+00	3.4415e-01
5489.05	5.5369e+00	3.4245e-01
5489.82	4.9385e+00	3.3661e-01
5490.59	5.3412e+00	3.3781e-01
5491.37	4.5498e+00	3.3610e-01
5492.14	4.4328e+00	3.3649e-01
5492.92	4.5434e+00	3.3436e-01
5493.69	4.4441e+00	3.3539e-01
5494.47	4.6887e+00	3.3478e-01
5495.24	5.4366e+00	3.3784e-01
5496.02	4.5296e+00	3.3613e-01
5496.79	5.0669e+00	3.3600e-01
5497.57	5.1329e+00	3.3659e-01
5498.34	5.0141e+00	3.3674e-01
5499.12	4.3809e+00	3.3620e-01
5499.89	4.0879e+00	3.3691e-01
5500.67	4.6440e+00	3.3755e-01
5501.44	5.1868e+00	3.3660e-01
5502.22	4.8525e+00	3.3754e-01
5502.99	4.6544e+00	3.3746e-01
5503.77	5.7039e+00	3.3779e-01
5504.54	4.8382e+00	3.3665e-01
5505.32	5.1175e+00	3.3784e-01
5506.09	5.2245e+00	3.3716e-01
5506.87	4.6262e+00	3.3630e-01
5507.64	4.9902e+00	3.3771e-01
5508.42	6.0435e+00	3.3960e-01
5509.19	5.0364e+00	3.3671e-01
5509.97	4.9873e+00	3.3727e-01
5510.74	5.4079e+00	3.3731e-01
5511.52	4.3760e+00	3.3688e-01
5512.29	5.0976e+00	3.3785e-01
5513.07	4.7218e+00	3.3739e-01
5513.84	5.4040e+00	3.3884e-01
5514.62	5.2610e+00	3.3785e-01
5515.39	5.0341e+00	3.3837e-01
5516.17	4.1839e+00	3.3758e-01
5516.94	4.8652e+00	3.3791e-01
5517.71	5.2357e+00	3.3766e-01
5518.49	4.1500e+00	3.3711e-01
5519.26	5.3896e+00	3.3950e-01
5520.04	5.5649e+00	3.3904e-01
5520.81	4.8837e+00	3.3852e-01
5521.59	4.6037e+00	3.3940e-01
5522.36	4.9048e+00	3.3979e-01
5523.14	5.1688e+00	3.3921e-01
5523.91	4.8772e+00	3.3903e-01
5524.69	5.2680e+00	3.3811e-01
5525.46	5.7829e+00	3.3810e-01
5526.24	5.0156e+00	3.3818e-01
5527.01	5.7850e+00	3.3972e-01
5527.79	6.0746e+00	3.3905e-01
5528.56	5.1800e+00	3.3789e-01
5529.34	4.6852e+00	3.3852e-01
5530.11	4.8558e+00	3.3771e-01
5530.89	4.9992e+00	3.3934e-01
5531.66	4.8840e+00	3.3951e-01
5532.44	4.7780e+00	3.4017e-01
5533.21	4.0130e+00	3.3802e-01
5533.99	4.6038e+00	3.3910e-01
5534.76	4.4060e+00	3.3939e-01
5535.54	4.0657e+00	3.3981e-01
5536.31	4.9188e+00	3.4070e-01
5537.09	4.8127e+00	3.4095e-01
5537.86	4.8757e+00	3.3989e-01
5538.64	4.9278e+00	3.3998e-01
5539.41	5.2754e+00	3.3957e-01
5540.19	5.0206e+00	3.3931e-01
5540.96	5.0819e+00	3.3996e-01
5541.74	4.8311e+00	3.4148e-01
5542.51	5.1950e+00	3.4298e-01
5543.28	5.0120e+00	3.4028e-01
5544.06	4.6700e+00	3.4170e-01
5544.83	5.4664e+00	3.4286e-01
5545.61	4.7238e+00	3.3976e-01
5546.38	4.8418e+00	3.4086e-01
5547.16	4.2500e+00	3.4016e-01
5547.93	5.4878e+00	3.4200e-01
5548.71	4.8153e+00	3.4245e-01
5549.48	4.2839e+00	3.4079e-01
5550.26	4.9141e+00	3.4076e-01
5551.03	4.7835e+00	3.4154e-01
5551.81	5.4839e+00	3.4136e-01
5552.58	5.1241e+00	3.4110e-01
5553.36	4.0497e+00	3.4216e-01
5554.13	4.5485e+00	3.4182e-01
5554.91	4.5373e+00	3.4231e-01
5555.68	4.5696e+00	3.4179e-01
5556.46	4.7072e+00	3.4227e-01
5557.23	5.1050e+00	3.4258e-01
5558.01	5.8360e+00	3.4275e-01
5558.78	4.5889e+00	3.4215e-01
5559.56	5.0024e+00	3.4256e-01
5560.33	4.5607e+00	3.4171e-01
5561.11	4.7114e+00	3.4180e-01
5561.88	5.0181e+00	3.4336e-01
5562.66	3.8068e+00	3.4249e-01
5563.43	5.5383e+00	3.4347e-01
5564.21	5.5331e+00	3.4432e-01
5564.98	5.2127e+00	3.4867e-01
5565.76	4.9466e+00	3.4905e-01
5566.53	4.5576e+00	3.4292e-01
5567.31	5.2787e+00	3.4447e-01
5568.08	5.5113e+00	3.4434e-01
5568.85	4.3773e+00	3.4373e-01
5569.63	5.0749e+00	3.4500e-01
5570.40	5.6315e+00	3.4310e-01
5571.18	4.7990e+00	3.4198e-01
5571.95	5.5385e+00	3.4404e-01
5572.73	5.5409e+00	3.4345e-01
5573.50	4.8918e+00	3.4563e-01
5574.28	5.6277e+00	3.4587e-01
5575.05	5.2321e+00	3.4571e-01
5575.83	4.0940e+00	3.8020e-01
5576.60	5.0046e+00	5.7309e-01
5577.38	3.2769e+00	7.4166e-01
5578.15	5.0752e+00	6.5629e-01
5578.93	5.8391e+00	3.9998e-01
5579.70	3.7998e+00	3.7387e-01
5580.48	3.6840e+00	3.6355e-01
5581.25	5.6484e+00	3.5284e-01
5582.03	5.1175e+00	3.4877e-01
5582.80	4.8061e+00	3.4587e-01
5583.58	4.1964e+00	3.4602e-01
5584.35	4.1626e+00	3.4545e-01
5585.13	5.3386e+00	3.4576e-01
5585.90	5.0814e+00	3.4526e-01
5586.68	5.0077e+00	3.4521e-01
5587.45	5.3684e+00	3.4602e-01
5588.23	5.0450e+00	3.4580e-01
5589.00	4.5616e+00	3.4729e-01
5589.78	4.8834e+00	3.4710e-01
5590.55	4.5313e+00	3.4456e-01
5591.33	4.5219e+00	3.4555e-01
5592.10	4.8213e+00	3.4449e-01
5592.88	5.4410e+00	3.4593e-01
5593.65	5.7298e+00	3.4492e-01
5594.43	5.0743e+00	3.4417e-01
5595.20	4.8292e+00	3.4417e-01
5595.97	4.9604e+00	3.4620e-01
5596.75	5.1408e+00	3.4464e-01
5597.52	5.6362e+00	3.4670e-01
5598.30	5.4758e+00	3.4592e-01
5599.07	4.9698e+00	3.4667e-01
5599.85	4.4634e+00	3.4620e-01
5600.62	4.9554e+00	3.4584e-01
5601.40	5.0367e+00	3.4526e-01
5602.17	5.2872e+00	3.4524e-01
5602.95	5.1011e+00	3.4546e-01
5603.72	4.4675e+00	3.4504e-01
5604.50	4.9233e+00	3.4596e-01
5605.27	5.0402e+00	3.4688e-01
5606.05	4.8453e+00	3.4648e-01
5606.82	5.0437e+00	3.4550e-01
5607.60	4.9465e+00	3.4536e-01
5608.37	4.5290e+00	3.4466e-01
5609.15	4.5894e+00	3.4388e-01
5609.92	4.6586e+00	3.4353e-01
5610.70	4.9405e+00	3.4453e-01
5611.47	5.2020e+00	3.4428e-01
5612.25	4.9811e+00	3.4367e-01
5613.02	4.7188e+00	3.4295e-01
5613.80	4.9556e+00	3.4237e-01
5614.57	5.0563e+00	3.4295e-01
5615.35	4.9293e+00	3.4254e-01
5616.12	4.6212e+00	3.4270e-01
5616.90	4.9652e+00	3.4398e-01
5617.67	4.6792e+00	3.4307e-01
5618.45	4.8140e+00	3.4155e-01
5619.22	4.5828e+00	3.4175e-01
5620.00	4.8721e+00	3.4094e-01
5620.77	5.2492e+00	3.4076e-01
5621.54	5.0325e+00	3.4140e-01
5622.32	5.0633e+00	3.4105e-01
5623.09	4.2019e+00	3.4094e-01
5623.87	4.6076e+00	3.4148e-01
5624.64	4.9551e+00	3.4125e-01
5625.42	4.7976e+00	3.3957e-01
5626.19	4.2766e+00	3.4013e-01
5626.97	4.6930e+00	3.4259e-01
5627.74	4.6967e+00	3.4266e-01
5628.52	4.7933e+00	3.4244e-01
5629.29	5.7554e+00	3.3960e-01
5630.07	5.5258e+00	3.3861e-01
5630.84	4.9068e+00	3.3851e-01
5631.62	5.1171e+00	3.3812e-01
5632.39	5.1867e+00	3.3748e-01
5633.17	4.8943e+00	3.3730e-01
5633.94	4.5993e+00	3.3569e-01
5634.72	4.6780e+00	3.3577e-01
5635.49	5.2545e+00	3.3510e-01
5636.27	4.9488e+00	3.3477e-01
5637.04	4.4227e+00	3.3388e-01
5637.82	5.0050e+00	3.3245e-01
5638.59	4.9623e+00	3.3310e-01
5639.37	4.8820e+00	3.3401e-01
5640.14	5.4414e+00	3.3282e-01
5640.92	5.4059e+00	3.3223e-01
5641.69	4.9559e+00	3.3175e-01
5642.47	4.5610e+00	3.3135e-01
5643.24	5.1081e+00	3.3062e-01
5644.02	5.3932e+00	3.2984e-01
5644.79	5.5143e+00	3.2978e-01
5645.57	5.1217e+00	3.2982e-01
5646.34	5.2575e+00	3.2940e-01
5647.12	4.9289e+00	3.2823e-01
5647.89	4.7652e+00	3.2618e-01
5648.66	4.8350e+00	3.2541e-01
5649.44	4.5412e+00	3.2582e-01
5650.21	4.8732e+00	3.2520e-01
5650.99	4.9355e+00	3.2496e-01
5651.76	4.5387e+00	3.2564e-01
5652.54	5.0219e+00	3.2478e-01
5653.31	5.1220e+00	3.2399e-01
5654.09	5.0039e+00	3.2410e-01
5654.86	4.9421e+00	3.2413e-01
5655.64	5.0167e+00	3.2323e-01
5656.41	5.0061e+00	3.2253e-01
5657.19	4.9280e+00	3.2093e-01
5657.96	4.5846e+00	3.1993e-01
5658.74	4.8346e+00	3.1934e-01
5659.51	4.9441e+00	3.1941e-01
5660.29	4.7084e+00	3.1989e-01
5661.06	4.2594e+00	3.2041e-01
5661.84	4.5452e+00	3.1908e-01
5662.61	5.0111e+00	3.1616e-01
5663.39	5.2568e+00	3.1579e-01
5664.16	5.0815e+00	3.1632e-01
5664.94	4.9223e+00	3.1505e-01
5665.71	5.0028e+00	3.1353e-01
5666.49	4.6600e+00	3.1400e-01
5667.26	4.3021e+00	3.1381e-01
5668.04	4.6580e+00	3.1277e-01
5668.81	4.8772e+00	3.1221e-01
5669.59	5.1722e+00	3.1255e-01
5670.36	4.9890e+00	3.1179e-01
5671.14	5.2231e+00	3.1066e-01
5671.91	5.2216e+00	3.1023e-01
5672.69	5.2903e+00	3.0966e-01
5673.46	5.0067e+00	3.0909e-01
5674.23	4.4955e+00	3.0775e-01
5675.01	4.7282e+00	3.0708e-01
5675.78	4.9381e+00	3.0651e-01
5676.56	4.3157e+00	3.0537e-01
5677.33	4.4207e+00	3.0493e-01
5678.11	4.7424e+00	3.0485e-01
5678.88	4.6480e+00	3.0411e-01
5679.66	4.3164e+00	3.0352e-01
5680.43	5.1104e+00	3.0477e-01
5681.21	5.4005e+00	3.1274e-01
5681.98	5.0595e+00	3.1858e-01
5682.76	5.0577e+00	3.1486e-01
5683.53	4.8485e+00	3.0368e-01
5684.31	4.7950e+00	2.9384e-01
5685.08	5.2121e+00	2.9314e-01
5685.86	5.4331e+00	2.9751e-01
5686.63	4.8555e+00	2.9840e-01
5687.41	4.7952e+00	2.9858e-01
5688.18	4.5707e+00	2.9895e-01
5688.96	4.4921e+00	2.9848e-01
5689.73	4.5140e+00	2.9806e-01
5690.51	4.9993e+00	3.1100e-01
5691.28	4.6020e+00	3.1013e-01
5692.06	4.1278e+00	3.0945e-01
5692.83	4.8846e+00	3.0937e-01
5693.61	4.9807e+00	3.0824e-01
5694.38	4.1278e+00	3.0674e-01
5695.16	4.0328e+00	3.0771e-01
5695.93	4.4357e+00	3.0927e-01
5696.71	4.6187e+00	3.0990e-01
5697.48	4.7124e+00	3.2038e-01
5698.26	4.6137e+00	3.2549e-01
5699.03	4.2990e+00	3.0725e-01
5699.80	4.3640e+00	2.9137e-01
5700.58	4.8656e+00	2.9617e-01
5701.35	4.9571e+00	3.0114e-01
5702.13	4.9788e+00	3.0234e-01
5702.90	5.4118e+00	3.0256e-01
5703.68	5.3725e+00	3.0270e-01
5704.45	4.9682e+00	3.0318e-01
5705.23	5.0811e+00	3.0272e-01
5706.00	5.1088e+00	3.0110e-01
5706.78	4.6444e+00	2.9933e-01
5707.55	4.1933e+00	2.9975e-01
5708.33	4.2579e+00	3.0085e-01
5709.10	4.8980e+00	2.9953e-01
5709.88	4.9549e+00	3.0616e-01
5710.65	4.2802e+00	3.1526e-01
5711.43	4.1220e+00	3.1010e-01
5712.20	4.3168e+00	2.9728e-01
5712.98	4.3983e+00	2.9090e-01
5713.75	4.7730e+00	2.9099e-01
5714.53	5.2359e+00	2.9390e-01
5715.30	5.4054e+00	2.9480e-01
5716.08	4.9585e+00	2.9498e-01
5716.85	4.3745e+00	2.9582e-01
5717.63	4.8640e+00	2.9563e-01
5718.40	5.4730e+00	2.9508e-01
5719.18	4.9291e+00	2.9555e-01
5719.95	4.5304e+00	2.9484e-01
5720.73	4.7154e+00	2.9598e-01
5721.50	4.7298e+00	3.0266e-01
5722.28	4.6944e+00	3.1091e-01
5723.05	4.7391e+00	3.1346e-01
5723.83	4.6121e+00	2.9946e-01
5724.60	4.5858e+00	2.8474e-01
5725.38	4.9875e+00	2.9324e-01
5726.15	4.9654e+00	3.0255e-01
5726.92	4.5184e+00	2.9994e-01
5727.70	4.7637e+00	2.9666e-01
5728.47	5.1842e+00	3.0019e-01
5729.25	5.0186e+00	3.0990e-01
5730.02	5.0317e+00	3.2153e-01
5730.80	5.0122e+00	3.1944e-01
5731.57	4.2729e+00	2.9193e-01
5732.35	3.8517e+00	2.7241e-01
5733.12	4.2908e+00	2.8504e-01
5733.90	4.7525e+00	2.9455e-01
5734.67	4.9425e+00	2.9426e-01
5735.45	4.9794e+00	2.9328e-01
5736.22	4.7443e+00	2.9283e-01
5737.00	4.4501e+00	2.9389e-01
5737.77	4.3354e+00	2.9378e-01
5738.55	4.5038e+00	2.9238e-01
5739.32	4.7780e+00	2.9064e-01
5740.10	4.8379e+00	2.8983e-01
5740.87	4.7418e+00	2.8985e-01
5741.65	4.7952e+00	2.8967e-01
5742.42	4.8823e+00	2.8947e-01
5743.20	4.9123e+00	2.8953e-01
5743.97	4.9482e+00	2.9029e-01
5744.75	4.9277e+00	2.9044e-01
5745.52	4.8151e+00	2.8920e-01
5746.30	4.5179e+00	2.8912e-01
5747.07	4.2981e+00	2.8974e-01
5747.85	4.5497e+00	2.8825e-01
5748.62	4.6449e+00	2.8772e-01
5749.40	4.3441e+00	2.8935e-01
5750.17	4.7280e+00	2.8899e-01
5750.95	5.1140e+00	2.8739e-01
5751.72	4.4903e+00	2.8743e-01
5752.49	4.3050e+00	2.8800e-01
5753.27	4.8034e+00	2.8832e-01
5754.04	4.5876e+00	2.8883e-01
5754.82	4.2325e+00	2.8868e-01
5755.59	4.4178e+00	2.8773e-01
5756.37	4.4226e+00	2.8762e-01
5757.14	4.2682e+00	2.8803e-01
5757.92	4.4495e+00	2.8747e-01
5758.69	4.3325e+00	2.8723e-01
5759.47	3.9400e+00	2.8781e-01
5760.24	4.2701e+00	2.8768e-01
5761.02	4.8864e+00	2.8769e-01
5761.79	4.9832e+00	2.8870e-01
5762.57	4.9927e+00	2.8820e-01
5763.34	5.0955e+00	2.8656e-01
5764.12	5.0451e+00	2.8646e-01
5764.89	5.0870e+00	2.8755e-01
5765.67	5.1998e+00	2.8851e-01
5766.44	4.6612e+00	2.8921e-01
5767.22	4.1386e+00	2.8901e-01
5767.99	4.5801e+00	2.8794e-01
5768.77	4.7377e+00	2.8711e-01
5769.54	4.2397e+00	2.8718e-01
5770.32	4.3239e+00	2.8774e-01
5771.09	4.4840e+00	2.8794e-01
5771.87	4.1593e+00	2.8740e-01
5772.64	4.2939e+00	2.8708e-01
5773.42	4.7081e+00	2.8717e-01
5774.19	4.5532e+00	2.8700e-01
5774.97	4.4048e+00	2.8707e-01
5775.74	4.6995e+00	2.8738e-01
5776.52	5.0507e+00	2.8689e-01
5777.29	5.2456e+00	2.8670e-01
5778.07	5.2468e+00	2.8791e-01
5778.84	4.7732e+00	2.8741e-01
5779.61	4.3785e+00	2.8571e-01
5780.39	4.9306e+00	2.8659e-01
5781.16	5.4743e+00	2.8789e-01
5781.94	5.1996e+00	2.8733e-01
5782.71	5.0803e+00	2.8637e-01
5783.49	5.1733e+00	2.8607e-01
5784.26	4.9994e+00	2.8658e-01
5785.04	5.0143e+00	2.8742e-01
5785.81	5.2485e+00	2.8775e-01
5786.59	5.3144e+00	2.8756e-01
5787.36	4.9317e+00	2.8665e-01
5788.14	4.2741e+00	2.8539e-01
5788.91	4.0264e+00	2.8480e-01
5789.69	4.2631e+00	2.8493e-01
5790.46	4.3452e+00	2.8498e-01
5791.24	4.8325e+00	2.8496e-01
5792.01	5.6040e+00	2.8485e-01
5792.79	5.2786e+00	2.8474e-01
5793.56	4.4719e+00	2.8417e-01
5794.34	4.4671e+00	2.8297e-01
5795.11	4.5891e+00	2.8358e-01
5795.89	4.5124e+00	2.8520e-01
5796.66	4.6025e+00	2.8420e-01
5797.44	4.7794e+00	2.8305e-01
5798.21	4.9044e+00	2.8405e-01
5798.99	5.0884e+00	2.8377e-01
5799.76	5.0427e+00	2.8240e-01
5800.54	4.5111e+00	2.8245e-01
5801.31	4.1870e+00	2.8218e-01
5802.09	4.3510e+00	2.8123e-01
5802.86	4.2763e+00	2.8203e-01
5803.64	4.3842e+00	2.8315e-01
5804.41	5.0214e+00	2.8265e-01
5805.18	4.9869e+00	2.8148e-01
5805.96	4.3025e+00	2.8072e-01
5806.73	4.1016e+00	2.8073e-01
5807.51	4.1561e+00	2.8132e-01
5808.28	4.1579e+00	2.8177e-01
5809.06	4.4521e+00	2.8137e-01
5809.83	4.8467e+00	2.8082e-01
5810.61	5.0094e+00	2.8140e-01
5811.38	4.9582e+00	2.8522e-01
5812.16	4.8002e+00	2.9114e-01
5812.93	4.5220e+00	2.9556e-01
5813.71	4.4884e+00	2.9571e-01
5814.48	4.7745e+00	2.9178e-01
5815.26	4.6976e+00	2.8476e-01
5816.03	4.4217e+00	2.7921e-01
5816.81	4.6682e+00	2.7889e-01
5817.58	4.6666e+00	2.7935e-01
5818.36	4.1968e+00	2.7720e-01
5819.13	4.3009e+00	2.7749e-01
5819.91	4.5598e+00	2.7834e-01
5820.68	4.2736e+00	2.7704e-01
5821.46	4.1731e+00	2.7615e-01
5822.23	4.4157e+00	2.7647e-01
5823.01	4.5253e+00	2.7654e-01
5823.78	4.3963e+00	2.7655e-01
5824.56	4.1576e+00	2.7663e-01
5825.33	4.1545e+00	2.7654e-01
5826.11	4.2150e+00	2.7609e-01
5826.88	3.9771e+00	2.7541e-01
5827.66	4.0344e+00	2.7479e-01
5828.43	4.4915e+00	2.7454e-01
5829.21	4.7122e+00	2.7492e-01
5829.98	4.6973e+00	2.7515e-01
5830.75	4.7099e+00	2.7461e-01
5831.53	4.8053e+00	2.7395e-01
5832.30	4.9492e+00	2.7358e-01
5833.08	4.9973e+00	2.7349e-01
5833.85	4.8554e+00	2.7314e-01
5834.63	4.6179e+00	2.7245e-01
5835.40	4.4971e+00	2.7287e-01
5836.18	4.5692e+00	2.7287e-01
5836.95	4.7208e+00	2.7091e-01
5837.73	4.7872e+00	2.7053e-01
5838.50	4.7471e+00	2.7171e-01
5839.28	4.6796e+00	2.7061e-01
5840.05	4.9327e+00	2.6954e-01
5840.83	5.3861e+00	2.7048e-01
5841.60	4.8181e+00	2.7051e-01
5842.38	3.9736e+00	2.6932e-01
5843.15	4.3766e+00	2.6847e-01
5843.93	4.6449e+00	2.6837e-01
5844.70	4.1648e+00	2.6846e-01
5845.48	4.3089e+00	2.6764e-01
5846.25	4.5882e+00	2.6649e-01
5847.03	4.2962e+00	2.6603e-01
5847.80	4.1457e+00	2.6594e-01
5848.58	4.2936e+00	2.6554e-01
5849.35	4.3505e+00	2.6448e-01
5850.13	4.2624e+00	2.6413e-01
5850.90	4.1212e+00	2.6479e-01
5851.68	4.1298e+00	2.6439e-01
5852.45	4.2238e+00	2.6336e-01
5853.23	4.2331e+00	2.6326e-01
5854.00	4.0540e+00	2.6279e-01
5854.78	3.9393e+00	2.6183e-01
5855.55	4.4165e+00	2.6193e-01
5856.33	4.6008e+00	2.6232e-01
5857.10	4.0097e+00	2.6196e-01
5857.87	4.2442e+00	2.6098e-01
5858.65	4.9622e+00	2.6025e-01
5859.42	4.6871e+00	2.6068e-01
5860.20	4.3722e+00	2.6092e-01
5860.97	4.6317e+00	2.6022e-01
5861.75	4.7370e+00	2.6001e-01
5862.52	4.6870e+00	2.5986e-01
5863.30	4.6875e+00	2.5921e-01
5864.07	4.3933e+00	2.5929e-01
5864.85	4.0880e+00	2.6024e-01
5865.62	4.3825e+00	2.6085e-01
5866.40	4.6910e+00	2.6188e-01
5867.17	4.5158e+00	2.6335e-01
5867.95	4.2725e+00	2.6372e-01
5868.72	4.2466e+00	2.6268e-01
5869.50	4.4506e+00	2.6111e-01
5870.27	4.7276e+00	2.5899e-01
5871.05	4.8408e+00	2.5677e-01
5871.82	4.6923e+00	2.5546e-01
5872.60	4.5667e+00	2.5496e-01
5873.37	4.6991e+00	2.5465e-01
5874.15	4.7659e+00	2.5537e-01
5874.92	4.7094e+00	2.5583e-01
5875.70	4.7325e+00	2.5450e-01
5876.47	4.6627e+00	2.5355e-01
5877.25	4.5104e+00	2.5402e-01
5878.02	4.7071e+00	2.5394e-01
5878.80	4.7929e+00	2.5272e-01
5879.57	4.3223e+00	2.5106e-01
5880.35	4.3242e+00	2.5003e-01
5881.12	4.8434e+00	2.4990e-01
5881.90	4.8303e+00	2.4999e-01
5882.67	4.7200e+00	2.4999e-01
5883.44	4.9179e+00	2.4969e-01
5884.22	4.7388e+00	2.4871e-01
5884.99	4.3602e+00	2.4776e-01
5885.77	4.3356e+00	2.4812e-01
5886.54	4.3902e+00	2.4856e-01
5887.32	4.3252e+00	2.5040e-01
5888.09	4.2969e+00	2.5476e-01
5888.87	4.3560e+00	2.6330e-01
5889.64	4.4857e+00	2.7327e-01
5890.42	4.5936e+00	2.8226e-01
5891.19	4.6144e+00	2.8335e-01
5891.97	4.5788e+00	2.7231e-01
5892.74	4.4687e+00	2.5638e-01
5893.52	4.3530e+00	2.4731e-01
5894.29	4.4146e+00	2.4691e-01
5895.07	4.4630e+00	2.5362e-01
5895.84	4.2616e+00	2.6104e-01
5896.62	4.6220e+00	2.6703e-01
5897.39	5.2628e+00	2.6681e-01
5898.17	4.9104e+00	2.5653e-01
5898.94	4.3668e+00	2.4540e-01
5899.72	4.5446e+00	2.4305e-01
5900.49	4.7982e+00	2.4305e-01
5901.27	4.8010e+00	2.4187e-01
5902.04	4.6339e+00	2.4134e-01
5902.82	4.3706e+00	2.4080e-01
5903.59	4.1828e+00	2.4025e-01
5904.37	4.1107e+00	2.4018e-01
5905.14	4.2209e+00	2.4035e-01
5905.92	4.4444e+00	2.4040e-01
5906.69	4.5026e+00	2.4094e-01
5907.47	4.4260e+00	2.4150e-01
5908.24	4.4857e+00	2.4127e-01
5909.02	4.6570e+00	2.3997e-01
5909.79	4.7888e+00	2.3820e-01
5910.56	4.6877e+00	2.3711e-01
5911.34	4.5664e+00	2.3701e-01
5912.11	4.7136e+00	2.3745e-01
5912.89	4.7762e+00	2.3726e-01
5913.66	4.6418e+00	2.3711e-01
5914.44	4.5878e+00	2.3897e-01
5915.21	4.6744e+00	2.4169e-01
5915.99	4.7753e+00	2.4296e-01
5916.76	4.5183e+00	2.4201e-01
5917.54	4.1421e+00	2.3924e-01
5918.31	4.2182e+00	2.3626e-01
5919.09	4.2816e+00	2.3439e-01
5919.86	4.1057e+00	2.3369e-01
5920.64	4.1736e+00	2.3325e-01
5921.41	4.4921e+00	2.3312e-01
5922.19	4.7883e+00	2.3375e-01
5922.96	4.6031e+00	2.3335e-01
5923.74	4.1644e+00	2.3245e-01
5924.51	4.2316e+00	2.3344e-01
5925.29	4.3310e+00	2.3467e-01
5926.06	4.0668e+00	2.3436e-01
5926.84	4.0380e+00	2.3338e-01
5927.61	4.2917e+00	2.3237e-01
5928.39	4.5156e+00	2.3181e-01
5929.16	4.5487e+00	2.3067e-01
5929.94	4.4431e+00	2.2919e-01
5930.71	4.5236e+00	2.2941e-01
5931.49	4.4828e+00	2.3056e-01
5932.26	4.0940e+00	2.3142e-01
5933.04	3.9975e+00	2.3483e-01
5933.81	4.1685e+00	2.3808e-01
5934.59	4.0661e+00	2.3676e-01
5935.36	4.0711e+00	2.3267e-01
5936.13	4.3692e+00	2.2950e-01
5936.91	4.6555e+00	2.2885e-01
5937.68	4.5789e+00	2.2926e-01
5938.46	4.1070e+00	2.2806e-01
5939.23	3.9639e+00	2.2786e-01
5940.01	4.2282e+00	2.2843e-01
5940.78	4.1678e+00	2.2694e-01
5941.56	4.0518e+00	2.2582e-01
5942.33	4.1540e+00	2.2687e-01
5943.11	3.9522e+00	2.2681e-01
5943.88	3.6738e+00	2.2565e-01
5944.66	3.8148e+00	2.2549e-01
5945.43	4.1577e+00	2.2677e-01
5946.21	4.3699e+00	2.2835e-01
5946.98	4.3776e+00	2.2831e-01
5947.76	4.2223e+00	2.2716e-01
5948.53	4.0807e+00	2.2641e-01
5949.31	4.1298e+00	2.2532e-01
5950.08	4.2192e+00	2.2400e-01
5950.86	4.0517e+00	2.2314e-01
5951.63	3.8030e+00	2.2367e-01
5952.41	3.7366e+00	2.2567e-01
5953.18	3.8299e+00	2.2829e-01
5953.96	4.0853e+00	2.3030e-01
5954.73	4.4191e+00	2.3100e-01
5955.51	4.2676e+00	2.2890e-01
5956.28	3.8546e+00	2.2538e-01
5957.06	4.0984e+00	2.2396e-01
5957.83	4.4206e+00	2.2357e-01
5958.61	4.1965e+00	2.2219e-01
5959.38	4.3742e+00	2.2218e-01
5960.16	4.6519e+00	2.2304e-01
5960.93	4.1666e+00	2.2311e-01
5961.70	3.8077e+00	2.2267e-01
5962.48	4.0910e+00	2.2243e-01
5963.25	4.3047e+00	2.2272e-01
5964.03	4.4564e+00	2.2313e-01
5964.80	4.7092e+00	2.2304e-01
5965.58	4.7340e+00	2.2257e-01
5966.35	4.5259e+00	2.2208e-01
5967.13	4.4046e+00	2.2209e-01
5967.90	4.1544e+00	2.2151e-01
5968.68	3.7554e+00	2.2029e-01
5969.45	3.7904e+00	2.2111e-01
5970.23	4.0644e+00	2.2294e-01
5971.00	4.0606e+00	2.2323e-01
5971.78	4.0529e+00	2.2257e-01
5972.55	4.1670e+00	2.2188e-01
5973.33	4.2037e+00	2.2159e-01
5974.10	4.1415e+00	2.2114e-01
5974.88	4.0525e+00	2.2025e-01
5975.65	4.1105e+00	2.2089e-01
5976.43	4.2152e+00	2.2274e-01
5977.20	4.1440e+00	2.2374e-01
5977.98	3.9647e+00	2.2410e-01
5978.75	3.9178e+00	2.2403e-01
5979.53	4.2485e+00	2.2247e-01
5980.30	4.6311e+00	2.2108e-01
5981.08	4.6368e+00	2.2151e-01
5981.85	4.3237e+00	2.2242e-01
5982.63	4.0551e+00	2.2265e-01
5983.40	4.1625e+00	2.2241e-01
5984.18	4.3491e+00	2.2244e-01
5984.95	4.2913e+00	2.2300e-01
5985.73	4.4134e+00	2.2303e-01
5986.50	4.5128e+00	2.2217e-01
5987.28	4.2525e+00	2.2108e-01
5988.05	3.8722e+00	2.1997e-01
5988.82	3.7799e+00	2.1943e-01
5989.60	4.0662e+00	2.1997e-01
5990.37	4.7123e+00	2.2137e-01
5991.15	5.3543e+00	2.2266e-01
5991.92	5.4827e+00	2.2223e-01
5992.70	5.0695e+00	2.2066e-01
5993.47	4.5714e+00	2.2014e-01
5994.25	4.2860e+00	2.2005e-01
5995.02	4.2679e+00	2.1963e-01
5995.80	4.4842e+00	2.1971e-01
5996.57	4.4554e+00	2.2006e-01
5997.35	3.9358e+00	2.2017e-01
5998.12	3.9150e+00	2.2019e-01
5998.90	4.3654e+00	2.2017e-01
5999.67	4.0832e+00	2.2025e-01
6000.45	3.7616e+00	2.1954e-01
6001.22	4.0912e+00	2.1809e-01
6002.00	4.4168e+00	2.1871e-01
6002.77	4.2899e+00	2.2021e-01
6003.55	3.7261e+00	2.1941e-01
6004.32	3.6743e+00	2.1930e-01
6005.10	4.2633e+00	2.2074e-01
6005.87	4.1886e+00	2.2011e-01
6006.65	3.9006e+00	2.1859e-01
6007.42	4.2155e+00	2.1853e-01
6008.20	4.2223e+00	2.1927e-01
6008.97	3.9301e+00	2.1961e-01
6009.75	4.1308e+00	2.1876e-01
6010.52	4.3042e+00	2.1830e-01
6011.30	4.0589e+00	2.1908e-01
6012.07	3.8636e+00	2.1883e-01
6012.85	3.8632e+00	2.1817e-01
6013.62	3.9360e+00	2.1876e-01
6014.39	4.1995e+00	2.1931e-01
6015.17	4.4663e+00	2.1889e-01
6015.94	4.3854e+00	2.1767e-01
6016.72	4.1771e+00	2.1721e-01
6017.49	4.1909e+00	2.1829e-01
6018.27	4.4750e+00	2.1877e-01
6019.04	4.7247e+00	2.1861e-01
6019.82	4.5997e+00	2.1938e-01
6020.59	4.2278e+00	2.1941e-01
6021.37	3.9578e+00	2.1833e-01
6022.14	4.0826e+00	2.1840e-01
6022.92	4.2049e+00	2.1892e-01
6023.69	3.9004e+00	2.1842e-01
6024.47	3.9161e+00	2.1801e-01
6025.24	4.3234e+00	2.1828e-01
6026.02	4.4755e+00	2.1888e-01
6026.79	4.3360e+00	2.1917e-01
6027.57	4.1423e+00	2.1901e-01
6028.34	4.2135e+00	2.1977e-01
6029.12	4.2893e+00	2.2042e-01
6029.89	3.9267e+00	2.1930e-01
6030.67	3.9472e+00	2.1858e-01
6031.44	4.4834e+00	2.1916e-01
6032.22	4.5586e+00	2.1900e-01
6032.99	4.5129e+00	2.1904e-01
6033.77	4.8036e+00	2.2017e-01
6034.54	4.5658e+00	2.2070e-01
6035.32	3.9907e+00	2.2022e-01
6036.09	3.9278e+00	2.1962e-01
6036.87	4.1609e+00	2.1948e-01
6037.64	4.2699e+00	2.1983e-01
6038.42	4.3143e+00	2.2003e-01
6039.19	4.1432e+00	2.1969e-01
6039.97	3.7925e+00	2.1901e-01
6040.74	3.6523e+00	2.1891e-01
6041.51	3.8033e+00	2.1936e-01
6042.29	3.9370e+00	2.1916e-01
6043.06	3.9541e+00	2.1922e-01
6043.84	3.9197e+00	2.2002e-01
6044.61	4.0820e+00	2.1959e-01
6045.39	4.2610e+00	2.1868e-01
6046.16	4.1183e+00	2.1926e-01
6046.94	3.9111e+00	2.1970e-01
6047.71	3.8733e+00	2.1928e-01
6048.49	3.9375e+00	2.1956e-01
6049.26	3.9869e+00	2.2000e-01
6050.04	3.9350e+00	2.1975e-01
6050.81	3.9932e+00	2.1941e-01
6051.59	4.0970e+00	2.1939e-01
6052.36	3.9493e+00	2.1961e-01
6053.14	3.9897e+00	2.1976e-01
6053.91	4.3399e+00	2.1960e-01
6054.69	4.3602e+00	2.1930e-01
6055.46	4.0651e+00	2.1915e-01
6056.24	3.8751e+00	2.1928e-01
6057.01	3.9251e+00	2.1936e-01
6057.79	4.1577e+00	2.1945e-01
6058.56	4.3512e+00	2.2025e-01
6059.34	4.3843e+00	2.2045e-01
6060.11	4.2756e+00	2.1942e-01
6060.89	3.9855e+00	2.1955e-01
6061.66	3.7581e+00	2.2039e-01
6062.44	3.8321e+00	2.1967e-01
6063.21	3.9511e+00	2.1964e-01
6063.99	3.9267e+00	2.2092e-01
6064.76	3.8841e+00	2.2023e-01
6065.54	4.0447e+00	2.1969e-01
6066.31	4.4377e+00	2.2189e-01
6067.08	4.4308e+00	2.2455e-01
6067.86	4.0766e+00	2.2622e-01
6068.63	4.0616e+00	2.2752e-01
6069.41	4.1270e+00	2.2593e-01
6070.18	3.9645e+00	2.2164e-01
6070.96	3.7751e+00	2.1916e-01
6071.73	3.7076e+00	2.1936e-01
6072.51	3.8107e+00	2.1975e-01
6073.28	3.9514e+00	2.1931e-01
6074.06	4.0281e+00	2.1840e-01
6074.83	4.1300e+00	2.1958e-01
6075.61	4.1254e+00	2.2055e-01
6076.38	3.9954e+00	2.1934e-01
6077.16	4.1847e+00	2.1921e-01
6077.93	4.4831e+00	2.2043e-01
6078.71	4.3353e+00	2.2079e-01
6079.48	4.0079e+00	2.2037e-01
6080.26	3.8431e+00	2.1991e-01
6081.03	3.8108e+00	2.2013e-01
6081.81	3.8267e+00	2.2040e-01
6082.58	3.7761e+00	2.1981e-01
6083.36	3.9924e+00	2.1999e-01
6084.13	4.2652e+00	2.2068e-01
6084.91	3.9732e+00	2.1989e-01
6085.68	3.7415e+00	2.1914e-01
6086.46	4.0462e+00	2.1970e-01
6087.23	4.1842e+00	2.2003e-01
6088.01	4.0553e+00	2.1970e-01
6088.78	4.0080e+00	2.1930e-01
6089.56	3.9401e+00	2.1892e-01
6090.33	3.8933e+00	2.1882e-01
6091.11	4.0502e+00	2.1915e-01
6091.88	4.2488e+00	2.1957e-01
6092.65	4.2672e+00	2.1970e-01
6093.43	3.9674e+00	2.1942e-01
6094.20	3.6800e+00	2.1910e-01
6094.98	3.8428e+00	2.1913e-01
6095.75	4.1848e+00	2.1974e-01
6096.53	4.3111e+00	2.2040e-01
6097.30	4.2389e+00	2.1987e-01
6098.08	4.0970e+00	2.1913e-01
6098.85	4.0651e+00	2.1974e-01
6099.63	3.9988e+00	2.1994e-01
6100.40	3.8971e+00	2.1942e-01
6101.18	3.9532e+00	2.1988e-01
6101.95	4.0288e+00	2.2025e-01
6102.73	3.9741e+00	2.1966e-01
6103.50	3.8759e+00	2.1973e-01
6104.28	3.8023e+00	2.2034e-01
6105.05	3.7851e+00	2.2034e-01
6105.83	3.7924e+00	2.1988e-01
6106.60	3.8199e+00	2.1947e-01
6107.38	3.9370e+00	2.1959e-01
6108.15	4.0650e+00	2.1975e-01
6108.93	4.0953e+00	2.1936e-01
6109.70	4.1430e+00	2.1917e-01
6110.48	4.1076e+00	2.1928e-01
6111.25	3.7649e+00	2.1910e-01
6112.03	3.5996e+00	2.1900e-01
6112.80	3.8608e+00	2.1913e-01
6113.58	4.0745e+00	2.1903e-01
6114.35	4.1005e+00	2.1873e-01
6115.13	4.0918e+00	2.1860e-01
6115.90	4.1235e+00	2.1891e-01
6116.68	4.2399e+00	2.1941e-01
6117.45	4.4401e+00	2.1944e-01
6118.23	4.3156e+00	2.1940e-01
6119.00	3.8020e+00	2.1964e-01
6119.77	3.7626e+00	2.1926e-01
6120.55	4.1616e+00	2.1849e-01
6121.32	4.2787e+00	2.1831e-01
6122.10	4.0894e+00	2.1850e-01
6122.87	3.8478e+00	2.1861e-01
6123.65	3.8359e+00	2.1842e-01
6124.42	3.9790e+00	2.1838e-01
6125.20	3.9919e+00	2.1887e-01
6125.97	4.0763e+00	2.1868e-01
6126.75	4.0860e+00	2.1793e-01
6127.52	3.6495e+00	2.1803e-01
6128.30	3.4473e+00	2.1849e-01
6129.07	3.8262e+00	2.1859e-01
6129.85	3.8458e+00	2.1871e-01
6130.62	3.6665e+00	2.1884e-01
6131.40	3.9887e+00	2.1890e-01
6132.17	3.9959e+00	2.1828e-01
6132.95	3.5846e+00	2.1733e-01
6133.72	3.6960e+00	2.1733e-01
6134.50	4.0089e+00	2.1779e-01
6135.27	3.9555e+00	2.1774e-01
6136.05	3.8581e+00	2.1804e-01
6136.82	3.8470e+00	2.1825e-01
6137.60	3.8482e+00	2.1740e-01
6138.37	3.8298e+00	2.1708e-01
6139.15	3.7894e+00	2.1803e-01
6139.92	3.7423e+00	2.1862e-01
6140.70	3.8384e+00	2.1868e-01
6141.47	4.1330e+00	2.1882e-01
6142.25	4.1031e+00	2.1837e-01
6143.02	3.8576e+00	2.1778e-01
6143.80	4.0950e+00	2.1799e-01
6144.57	4.3677e+00	2.1893e-01
6145.34	4.2322e+00	2.1967e-01
6146.12	4.4199e+00	2.1921e-01
6146.89	4.5547e+00	2.1790e-01
6147.67	3.9140e+00	2.1708e-01
6148.44	3.5489e+00	2.1695e-01
6149.22	3.8783e+00	2.1715e-01
6149.99	3.9909e+00	2.1725e-01
6150.77	3.8636e+00	2.1724e-01
6151.54	3.8107e+00	2.1731e-01
6152.32	3.9466e+00	2.1738e-01
6153.09	4.0374e+00	2.1712e-01
6153.87	3.6906e+00	2.1634e-01
6154.64	3.4463e+00	2.1579e-01
6155.42	3.6620e+00	2.1613e-01
6156.19	3.8627e+00	2.1733e-01
6156.97	3.9119e+00	2.1839e-01
6157.74	3.9288e+00	2.1839e-01
6158.52	3.8995e+00	2.1796e-01
6159.29	3.8958e+00	2.1769e-01
6160.07	3.9536e+00	2.1742e-01
6160.84	4.0429e+00	2.1688e-01
6161.62	4.1027e+00	2.1599e-01
6162.39	4.1984e+00	2.1554e-01
6163.17	4.2287e+00	2.1551e-01
6163.94	4.0582e+00	2.1532e-01
6164.72	3.9622e+00	2.1566e-01
6165.49	4.0205e+00	2.1633e-01
6166.27	3.9089e+00	2.1594e-01
6167.04	3.7513e+00	2.1504e-01
6167.82	3.7802e+00	2.1494e-01
6168.59	3.6939e+00	2.1503e-01
6169.37	3.5785e+00	2.1549e-01
6170.14	3.7927e+00	2.1680e-01
6170.92	4.1024e+00	2.1820e-01
6171.69	4.2244e+00	2.1870e-01
6172.46	4.2744e+00	2.1815e-01
6173.24	4.2278e+00	2.1672e-01
6174.01	4.0672e+00	2.1510e-01
6174.79	3.8166e+00	2.1421e-01
6175.56	3.6303e+00	2.1447e-01
6176.34	3.7795e+00	2.1585e-01
6177.11	3.8274e+00	2.1653e-01
6177.89	3.4800e+00	2.1555e-01
6178.66	3.5226e+00	2.1462e-01
6179.44	3.8748e+00	2.1453e-01
6180.21	3.8154e+00	2.1463e-01
6180.99	3.7634e+00	2.1469e-01
6181.76	3.9336e+00	2.1457e-01
6182.54	3.7503e+00	2.1476e-01
6183.31	3.5208e+00	2.1483e-01
6184.09	3.6950e+00	2.1434e-01
6184.86	3.9333e+00	2.1433e-01
6185.64	3.9709e+00	2.1463e-01
6186.41	3.8713e+00	2.1395e-01
6187.19	3.7280e+00	2.1340e-01
6187.96	3.6719e+00	2.1383e-01
6188.74	3.7124e+00	2.1399e-01
6189.51	3.7797e+00	2.1368e-01
6190.29	3.7661e+00	2.1352e-01
6191.06	3.8736e+00	2.1358e-01
6191.84	4.0078e+00	2.1367e-01
6192.61	3.6276e+00	2.1328e-01
6193.39	3.3951e+00	2.1332e-01
6194.16	3.8595e+00	2.1429e-01
6194.94	4.0645e+00	2.1418e-01
6195.71	3.7786e+00	2.1296e-01
6196.49	3.5794e+00	2.1236e-01
6197.26	3.6637e+00	2.1269e-01
6198.03	3.9329e+00	2.1326e-01
6198.81	3.9547e+00	2.1285e-01
6199.58	3.8556e+00	2.1216e-01
6200.36	3.9980e+00	2.1266e-01
6201.13	3.8845e+00	2.1303e-01
6201.91	3.6011e+00	2.1336e-01
6202.68	3.8776e+00	2.1524e-01
6203.46	4.0256e+00	2.1659e-01
6204.23	3.5452e+00	2.1576e-01
6205.01	3.5874e+00	2.1438e-01
6205.78	3.8935e+00	2.1324e-01
6206.56	3.4306e+00	2.1211e-01
6207.33	3.4406e+00	2.1167e-01
6208.11	4.1585e+00	2.1183e-01
6208.88	3.8851e+00	2.1228e-01
6209.66	3.3794e+00	2.1216e-01
6210.43	3.8223e+00	2.1133e-01
6211.21	4.0681e+00	2.1108e-01
6211.98	3.8495e+00	2.1164e-01
6212.76	3.9042e+00	2.1189e-01
6213.53	3.9116e+00	2.1226e-01
6214.31	3.6540e+00	2.1281e-01
6215.08	3.5132e+00	2.1243e-01
6215.86	3.4769e+00	2.1160e-01
6216.63	3.3559e+00	2.1146e-01
6217.41	3.4728e+00	2.1129e-01
6218.18	3.7528e+00	2.1101e-01
6218.96	3.6951e+00	2.1165e-01
6219.73	3.6016e+00	2.1225e-01
6220.51	3.8271e+00	2.1218e-01
6221.28	3.9195e+00	2.1330e-01
6222.06	3.9376e+00	2.1509e-01
6222.83	4.2517e+00	2.1556e-01
6223.60	4.1725e+00	2.1467e-01
6224.38	3.6229e+00	2.1329e-01
6225.15	3.6742e+00	2.1226e-01
6225.93	3.9222e+00	2.1176e-01
6226.70	3.6088e+00	2.1132e-01
6227.48	3.4616e+00	2.1126e-01
6228.25	3.7070e+00	2.1124e-01
6229.03	3.9392e+00	2.1088e-01
6229.80	3.9046e+00	2.1064e-01
6230.58	3.6386e+00	2.1083e-01
6231.35	3.6939e+00	2.1076e-01
6232.13	3.7980e+00	2.1059e-01
6232.90	3.3598e+00	2.1096e-01
6233.68	3.4466e+00	2.1259e-01
6234.45	4.1287e+00	2.1583e-01
6235.23	3.9697e+00	2.1982e-01
6236.00	3.6806e+00	2.2288e-01
6236.78	4.1553e+00	2.2369e-01
6237.55	4.2278e+00	2.2159e-01
6238.33	3.8272e+00	2.1807e-01
6239.10	3.7830e+00	2.1549e-01
6239.88	3.8661e+00	2.1419e-01
6240.65	3.7747e+00	2.1339e-01
6241.43	3.5190e+00	2.1364e-01
6242.20	3.3708e+00	2.1369e-01
6242.98	3.5495e+00	2.1274e-01
6243.75	3.7706e+00	2.1243e-01
6244.53	3.7373e+00	2.1264e-01
6245.30	3.4088e+00	2.1151e-01
6246.08	3.2677e+00	2.1015e-01
6246.85	3.5725e+00	2.0997e-01
6247.63	3.7191e+00	2.1103e-01
6248.40	3.6309e+00	2.1182e-01
6249.18	3.6575e+00	2.1097e-01
6249.95	3.6312e+00	2.1015e-01
6250.72	3.5133e+00	2.1030e-01
6251.50	3.5341e+00	2.1002e-01
6252.27	3.4932e+00	2.0944e-01
6253.05	3.2462e+00	2.0925e-01
6253.82	3.2916e+00	2.0913e-01
6254.60	3.6260e+00	2.0971e-01
6255.37	3.8175e+00	2.1148e-01
6256.15	3.6933e+00	2.1413e-01
6256.92	3.4028e+00	2.1724e-01
6257.70	3.3750e+00	2.2090e-01
6258.47	3.4524e+00	2.2363e-01
6259.25	3.2230e+00	2.2393e-01
6260.02	3.5099e+00	2.2001e-01
6260.80	4.1058e+00	2.1392e-01
6261.57	3.7232e+00	2.1060e-01
6262.35	3.2462e+00	2.1029e-01
6263.12	3.6136e+00	2.1037e-01
6263.90	3.7592e+00	2.1079e-01
6264.67	3.5839e+00	2.1177e-01
6265.45	3.6719e+00	2.1407e-01
6266.22	3.8662e+00	2.1527e-01
6267.00	3.9020e+00	2.1427e-01
6267.77	3.5319e+00	2.1235e-01
6268.55	3.2886e+00	2.1122e-01
6269.32	3.6430e+00	2.1148e-01
6270.10	3.7533e+00	2.1114e-01
6270.87	3.4837e+00	2.0976e-01
6271.65	3.4991e+00	2.0932e-01
6272.42	3.7516e+00	2.0957e-01
6273.20	3.9517e+00	2.0980e-01
6273.97	3.7747e+00	2.1008e-01
6274.75	3.5527e+00	2.1019e-01
6275.52	3.8121e+00	2.1015e-01
6276.29	3.7264e+00	2.1204e-01
6277.07	3.2231e+00	2.1579e-01
6277.84	3.3987e+00	2.1830e-01
6278.62	3.6404e+00	2.1959e-01
6279.39	3.2826e+00	2.2042e-01
6280.17	3.3456e+00	2.1903e-01
6280.94	3.8191e+00	2.1659e-01
6281.72	3.9079e+00	2.1566e-01
6282.49	3.7649e+00	2.1490e-01
6283.27	3.6596e+00	2.1320e-01
6284.04	3.6174e+00	2.1304e-01
6284.82	3.5462e+00	2.1269e-01
6285.59	3.3504e+00	2.1063e-01
6286.37	3.4155e+00	2.1175e-01
6287.14	3.7057e+00	2.1676e-01
6287.92	3.8046e+00	2.2161e-01
6288.69	3.6807e+00	2.2225e-01
6289.47	3.5223e+00	2.1820e-01
6290.24	3.5075e+00	2.1367e-01
6291.02	3.5808e+00	2.1102e-01
6291.79	3.5257e+00	2.0924e-01
6292.57	3.5304e+00	2.0913e-01
6293.34	3.6267e+00	2.0964e-01
6294.12	3.5883e+00	2.0964e-01
6294.89	3.4970e+00	2.0933e-01
6295.67	3.4721e+00	2.1004e-01
6296.44	3.3087e+00	2.1108e-01
6297.22	3.0272e+00	2.1263e-01
6297.99	2.8286e+00	2.1209e-01
6298.77	2.9558e+00	2.3125e-01
6299.54	3.4011e+00	2.7493e-01
6300.32	3.9079e+00	3.3321e-01
6301.09	4.1719e+00	3.6608e-01
6301.87	4.1040e+00	3.5361e-01
6302.64	4.0484e+00	3.0501e-01
6303.41	4.0569e+00	2.4539e-01
6304.19	3.6784e+00	2.0975e-01
6304.96	3.4056e+00	2.1231e-01
6305.74	3.5888e+00	2.1217e-01
6306.51	3.6513e+00	2.1849e-01
6307.29	3.5341e+00	2.2264e-01
6308.06	3.5887e+00	2.2385e-01
6308.84	3.6374e+00	2.2052e-01
6309.61	3.5360e+00	2.1507e-01
6310.39	3.2679e+00	2.1095e-01
6311.16	3.1700e+00	2.0971e-01
6311.94	3.4528e+00	2.0975e-01
6312.71	3.6784e+00	2.1000e-01
6313.49	3.6814e+00	2.0965e-01
6314.26	3.7437e+00	2.0991e-01
6315.04	3.6456e+00	2.0990e-01
6315.81	3.3871e+00	2.0935e-01
6316.59	3.4208e+00	2.0959e-01
6317.36	3.6444e+00	2.1020e-01
6318.14	3.6685e+00	2.1014e-01
6318.91	3.7000e+00	2.0974e-01
6319.69	3.7795e+00	2.0979e-01
6320.46	3.7214e+00	2.1048e-01
6321.24	3.5234e+00	2.1202e-01
6322.01	3.3269e+00	2.1368e-01
6322.79	3.3432e+00	2.1417e-01
6323.56	3.5305e+00	2.1306e-01
6324.34	3.6324e+00	2.1117e-01
6325.11	3.7205e+00	2.0995e-01
6325.89	3.7575e+00	2.1014e-01
6326.66	3.2820e+00	2.1106e-01
6327.44	3.0717e+00	2.1160e-01
6328.21	3.7904e+00	2.1160e-01
6328.98	3.8854e+00	2.1418e-01
6329.76	3.3475e+00	2.1899e-01
6330.53	3.8061e+00	2.2243e-01
6331.31	4.2743e+00	2.2175e-01
6332.08	3.8655e+00	2.1736e-01
6332.86	3.5851e+00	2.1276e-01
6333.63	3.5997e+00	2.1041e-01
6334.41	3.5535e+00	2.0987e-01
6335.18	3.3076e+00	2.0967e-01
6335.96	3.0876e+00	2.0953e-01
6336.73	3.5077e+00	2.1196e-01
6337.51	3.9485e+00	2.1517e-01
6338.28	3.7564e+00	2.1680e-01
6339.06	3.7685e+00	2.1816e-01
6339.83	3.9766e+00	2.1879e-01
6340.61	3.7004e+00	2.1747e-01
6341.38	3.3943e+00	2.1430e-01
6342.16	3.4074e+00	2.1100e-01
6342.93	3.4959e+00	2.1045e-01
6343.71	3.4547e+00	2.1148e-01
6344.48	3.2418e+00	2.1128e-01
6345.26	3.2364e+00	2.1042e-01
6346.03	3.4263e+00	2.0984e-01
6346.81	3.3433e+00	2.1005e-01
6347.58	3.2508e+00	2.1106e-01
6348.36	3.4009e+00	2.1221e-01
6349.13	3.3781e+00	2.1364e-01
6349.91	3.2761e+00	2.1408e-01
6350.68	3.4108e+00	2.1252e-01
6351.46	3.6341e+00	2.1121e-01
6352.23	3.7424e+00	2.1141e-01
6353.01	3.6779e+00	2.1134e-01
6353.78	3.5497e+00	2.1105e-01
6354.55	3.5136e+00	2.1137e-01
6355.33	3.2908e+00	2.1273e-01
6356.10	3.1010e+00	2.1519e-01
6356.88	3.4582e+00	2.1818e-01
6357.65	3.6547e+00	2.1862e-01
6358.43	3.3419e+00	2.1590e-01
6359.20	3.4698e+00	2.1334e-01
6359.98	3.8040e+00	2.1221e-01
6360.75	3.6432e+00	2.1293e-01
6361.53	3.5014e+00	2.1204e-01
6362.30	3.5283e+00	2.1823e-01
6363.08	3.3261e+00	2.3835e-01
6363.85	3.0292e+00	2.6341e-01
6364.63	2.9283e+00	2.7886e-01
6365.40	3.5588e+00	2.7178e-01
6366.18	4.1466e+00	2.4643e-01
6366.95	3.5173e+00	2.2323e-01
6367.73	3.2390e+00	2.1223e-01
6368.50	3.9638e+00	2.1045e-01
6369.28	3.8554e+00	2.1168e-01
6370.05	3.4159e+00	2.1107e-01
6370.83	3.7092e+00	2.1096e-01
6371.60	3.6732e+00	2.1108e-01
6372.38	3.2332e+00	2.1125e-01
6373.15	3.3245e+00	2.1094e-01
6373.93	3.4743e+00	2.1044e-01
6374.70	3.2899e+00	2.1027e-01
6375.48	3.2882e+00	2.1046e-01
6376.25	3.5560e+00	2.1100e-01
6377.03	3.8524e+00	2.1168e-01
6377.80	3.7962e+00	2.1200e-01
6378.58	3.4377e+00	2.1207e-01
6379.35	3.3324e+00	2.1262e-01
6380.13	3.3608e+00	2.1296e-01
6380.90	3.2478e+00	2.1268e-01
6381.67	3.4306e+00	2.1260e-01
6382.45	3.6511e+00	2.1384e-01
6383.22	3.3260e+00	2.1640e-01
6384.00	3.2557e+00	2.1790e-01
6384.77	3.7549e+00	2.1744e-01
6385.55	3.8517e+00	2.1745e-01
6386.32	3.6142e+00	2.1738e-01
6387.10	3.5685e+00	2.1579e-01
6387.87	3.5992e+00	2.1469e-01
6388.65	3.5873e+00	2.1412e-01
6389.42	3.4536e+00	2.1232e-01
6390.20	3.4219e+00	2.1060e-01
6390.97	3.5968e+00	2.1033e-01
6391.75	3.5481e+00	2.1095e-01
6392.52	3.4457e+00	2.1164e-01
6393.30	3.7042e+00	2.1196e-01
6394.07	3.7954e+00	2.1213e-01
6394.85	3.5404e+00	2.1230e-01
6395.62	3.4155e+00	2.1195e-01
6396.40	3.4963e+00	2.1164e-01
6397.17	3.6118e+00	2.1180e-01
6397.95	3.6883e+00	2.1204e-01
6398.72	3.6058e+00	2.1184e-01
6399.50	3.3394e+00	2.1110e-01
6400.27	3.2917e+00	2.1040e-01
6401.05	3.5768e+00	2.1028e-01
6401.82	3.6251e+00	2.1073e-01
6402.60	3.5677e+00	2.1108e-01
6403.37	3.7917e+00	2.1085e-01
6404.15	3.7533e+00	2.1073e-01
6404.92	3.4541e+00	2.1101e-01
6405.70	3.5315e+00	2.1115e-01
6406.47	3.6406e+00	2.1119e-01
6407.24	3.4334e+00	2.1123e-01
6408.02	3.5104e+00	2.1107e-01
6408.79	3.7109e+00	2.1090e-01
6409.57	3.4981e+00	2.1099e-01
6410.34	3.3740e+00	2.1128e-01
6411.12	3.5549e+00	2.1150e-01
6411.89	3.5012e+00	2.1145e-01
6412.67	3.4022e+00	2.1121e-01
6413.44	3.5604e+00	2.1106e-01
6414.22	3.6764e+00	2.1096e-01
6414.99	3.6094e+00	2.1110e-01
6415.77	3.4634e+00	2.1180e-01
6416.54	3.4209e+00	2.1179e-01
6417.32	3.5157e+00	2.1073e-01
6418.09	3.4790e+00	2.1052e-01
6418.87	3.3337e+00	2.1111e-01
6419.64	3.3115e+00	2.1128e-01
6420.42	3.2251e+00	2.1149e-01
6421.19	3.2276e+00	2.1215e-01
6421.97	3.6669e+00	2.1294e-01
6422.74	4.3135e+00	2.1388e-01
6423.52	4.7527e+00	2.1468e-01
6424.29	5.0554e+00	2.1445e-01
6425.07	5.1244e+00	2.1354e-01
6425.84	4.8913e+00	2.1304e-01
6426.62	4.1881e+00	2.1263e-01
6427.39	3.3765e+00	2.1187e-01
6428.17	3.3621e+00	2.1096e-01
6428.94	3.7067e+00	2.1060e-01
6429.72	3.5573e+00	2.1117e-01
6430.49	3.6171e+00	2.1101e-01
6431.27	3.8742e+00	2.1016e-01
6432.04	3.6763e+00	2.1064e-01
6432.82	3.2984e+00	2.1104e-01
6433.59	3.1619e+00	2.1029e-01
6434.36	3.1969e+00	2.1009e-01
6435.14	3.3443e+00	2.1074e-01
6435.91	3.4905e+00	2.1145e-01
6436.69	3.6796e+00	2.1139e-01
6437.46	3.7804e+00	2.1077e-01
6438.24	3.3829e+00	2.1085e-01
6439.01	3.2023e+00	2.1136e-01
6439.79	3.7441e+00	2.1142e-01
6440.56	3.8720e+00	2.1143e-01
6441.34	3.5176e+00	2.1114e-01
6442.11	3.5854e+00	2.1011e-01
6442.89	3.7142e+00	2.0954e-01
6443.66	3.5880e+00	2.0996e-01
6444.44	3.5332e+00	2.1026e-01
6445.21	3.4865e+00	2.1011e-01
6445.99	3.3244e+00	2.0985e-01
6446.76	3.3337e+00	2.1054e-01
6447.54	3.5543e+00	2.1170e-01
6448.31	3.7648e+00	2.1148e-01
6449.09	3.7418e+00	2.1084e-01
6449.86	3.5030e+00	2.1100e-01
6450.64	3.3403e+00	2.1084e-01
6451.41	3.3870e+00	2.1056e-01
6452.19	3.5313e+00	2.1092e-01
6452.96	3.4667e+00	2.1123e-01
6453.74	3.2185e+00	2.1112e-01
6454.51	3.2871e+00	2.1120e-01
6455.29	3.5144e+00	2.1120e-01
6456.06	3.5252e+00	2.1084e-01
6456.84	3.3781e+00	2.1043e-01
6457.61	3.1812e+00	2.1028e-01
6458.39	3.0034e+00	2.1053e-01
6459.16	3.1110e+00	2.1052e-01
6459.93	3.4116e+00	2.0999e-01
6460.71	3.3006e+00	2.0954e-01
6461.48	3.0114e+00	2.0967e-01
6462.26	3.1148e+00	2.1038e-01
6463.03	3.3490e+00	2.1117e-01
6463.81	3.4458e+00	2.1215e-01
6464.58	3.2790e+00	2.1358e-01
6465.36	3.3917e+00	2.1543e-01
6466.13	4.0018e+00	2.1694e-01
6466.91	3.8847e+00	2.1695e-01
6467.68	3.3768e+00	2.1525e-01
6468.46	3.7535e+00	2.1287e-01
6469.23	3.8247e+00	2.1105e-01
6470.01	3.1621e+00	2.1104e-01
6470.78	3.2229e+00	2.1399e-01
6471.56	3.6756e+00	2.1632e-01
6472.33	3.6325e+00	2.1502e-01
6473.11	3.3797e+00	2.1280e-01
6473.88	3.2324e+00	2.1155e-01
6474.66	3.3510e+00	2.1065e-01
6475.43	3.4079e+00	2.0992e-01
6476.21	3.2156e+00	2.0926e-01
6476.98	3.4316e+00	2.1013e-01
6477.76	3.6651e+00	2.1125e-01
6478.53	3.2403e+00	2.1074e-01
6479.31	3.0733e+00	2.1057e-01
6480.08	3.4500e+00	2.1103e-01
6480.86	3.4316e+00	2.0934e-01
6481.63	3.4162e+00	2.0812e-01
6482.41	3.8230e+00	2.0964e-01
6483.18	3.7486e+00	2.0944e-01
6483.96	3.2923e+00	2.0780e-01
6484.73	3.2524e+00	2.0870e-01
6485.50	3.4289e+00	2.0948e-01
6486.28	3.4842e+00	2.0853e-01
6487.05	3.2847e+00	2.0843e-01
6487.83	3.2720e+00	2.0923e-01
6488.60	3.8071e+00	2.0972e-01
6489.38	4.0218e+00	2.0974e-01
6490.15	3.7154e+00	2.0927e-01
6490.93	3.6608e+00	2.0852e-01
6491.70	3.5161e+00	2.0814e-01
6492.48	3.0741e+00	2.0831e-01
6493.25	3.1298e+00	2.0813e-01
6494.03	3.4508e+00	2.0788e-01
6494.80	3.3358e+00	2.0854e-01
6495.58	3.1593e+00	2.0856e-01
6496.35	3.2186e+00	2.0844e-01
6497.13	3.2773e+00	2.0952e-01
6497.90	3.4185e+00	2.1410e-01
6498.68	3.6689e+00	2.2069e-01
6499.45	3.7075e+00	2.2398e-01
6500.23	3.5853e+00	2.2189e-01
6501.00	3.6011e+00	2.1696e-01
6501.78	3.7296e+00	2.1186e-01
6502.55	3.7909e+00	2.0922e-01
6503.33	3.5326e+00	2.0920e-01
6504.10	3.3053e+00	2.1066e-01
6504.88	3.5376e+00	2.1208e-01
6505.65	3.5598e+00	2.1297e-01
6506.43	3.2648e+00	2.1266e-01
6507.20	3.3586e+00	2.1078e-01
6507.98	3.5458e+00	2.0887e-01
6508.75	3.4529e+00	2.0825e-01
6509.53	3.4526e+00	2.0798e-01
6510.30	3.4937e+00	2.0766e-01
6511.08	3.2847e+00	2.0776e-01
6511.85	3.3610e+00	2.0782e-01
6512.62	3.7221e+00	2.0775e-01
6513.40	3.5333e+00	2.0801e-01
6514.17	3.1214e+00	2.0850e-01
6514.95	3.1228e+00	2.0880e-01
6515.72	3.1733e+00	2.0785e-01
6516.50	3.0903e+00	2.0628e-01
6517.27	2.9807e+00	2.0578e-01
6518.05	3.0606e+00	2.0640e-01
6518.82	3.3274e+00	2.0711e-01
6519.60	3.3344e+00	2.0698e-01
6520.37	3.1549e+00	2.0643e-01
6521.15	3.1522e+00	2.0659e-01
6521.92	3.2166e+00	2.0802e-01
6522.70	3.3008e+00	2.0982e-01
6523.47	3.5374e+00	2.1053e-01
6524.25	3.5905e+00	2.0941e-01
6525.02	3.3098e+00	2.0732e-01
6525.80	3.2002e+00	2.0622e-01
6526.57	3.3599e+00	2.0663e-01
6527.35	3.4587e+00	2.0732e-01
6528.12	3.4573e+00	2.0728e-01
6528.90	3.3911e+00	2.0652e-01
6529.67	3.3141e+00	2.0663e-01
6530.45	3.3047e+00	2.0705e-01
6531.22	3.3713e+00	2.0697e-01
6532.00	3.3231e+00	2.0909e-01
6532.77	3.2242e+00	2.1358e-01
6533.55	3.3841e+00	2.1787e-01
6534.32	3.4719e+00	2.1827e-01
6535.10	3.2926e+00	2.1431e-01
6535.87	3.3227e+00	2.1001e-01
6536.65	3.5311e+00	2.0785e-01
6537.42	3.5891e+00	2.0692e-01
6538.19	3.3820e+00	2.0687e-01
6538.97	3.0773e+00	2.0649e-01
6539.74	3.0289e+00	2.0589e-01
6540.52	3.1630e+00	2.0563e-01
6541.29	3.2161e+00	2.0632e-01
6542.07	3.2546e+00	2.0667e-01
6542.84	3.2537e+00	2.0696e-01
6543.62	3.1670e+00	2.0820e-01
6544.39	3.1581e+00	2.0984e-01
6545.17	3.2946e+00	2.1058e-01
6545.94	3.4539e+00	2.0928e-01
6546.72	3.4774e+00	2.0707e-01
6547.49	3.3399e+00	2.0597e-01
6548.27	3.1572e+00	2.0579e-01
6549.04	3.1291e+00	2.0581e-01
6549.82	3.3844e+00	2.0594e-01
6550.59	3.4923e+00	2.0548e-01
6551.37	3.2066e+00	2.0516e-01
6552.14	3.0677e+00	2.0629e-01
6552.92	3.1678e+00	2.1017e-01
6553.69	3.1883e+00	2.1557e-01
6554.47	3.3364e+00	2.1847e-01
6555.24	3.5574e+00	2.1677e-01
6556.02	3.4657e+00	2.1179e-01
6556.79	3.2390e+00	2.0694e-01
6557.57	3.2095e+00	2.0505e-01
6558.34	3.2677e+00	2.0486e-01
6559.12	3.3196e+00	2.0465e-01
6559.89	3.3528e+00	2.0479e-01
6560.67	3.3351e+00	2.0515e-01
6561.44	3.2917e+00	2.0658e-01
6562.22	3.3159e+00	2.0991e-01
6562.99	3.3140e+00	2.1408e-01
6563.77	3.1724e+00	2.1689e-01
6564.54	3.0956e+00	2.1506e-01
6565.31	3.1523e+00	2.0970e-01
6566.09	3.1153e+00	2.0583e-01
6566.86	3.2461e+00	2.0496e-01
6567.64	3.6195e+00	2.0536e-01
6568.41	3.5425e+00	2.0673e-01
6569.19	3.1575e+00	2.0764e-01
6569.96	3.1402e+00	2.0781e-01
6570.74	3.2672e+00	2.0729e-01
6571.51	3.2664e+00	2.0694e-01
6572.29	3.2255e+00	2.0787e-01
6573.06	3.1953e+00	2.0840e-01
6573.84	3.2414e+00	2.0695e-01
6574.61	2.9591e+00	2.0524e-01
6575.39	2.7107e+00	2.0504e-01
6576.16	3.3397e+00	2.0578e-01
6576.94	3.7999e+00	2.0915e-01
6577.71	3.3602e+00	2.1361e-01
6578.49	3.1420e+00	2.1469e-01
6579.26	3.2695e+00	2.1140e-01
6580.04	3.2266e+00	2.0656e-01
6580.81	3.0038e+00	2.0437e-01
6581.59	2.8009e+00	2.0549e-01
6582.36	2.9950e+00	2.0541e-01
6583.14	3.1984e+00	2.0496e-01
6583.91	3.0403e+00	2.0604e-01
6584.69	3.2997e+00	2.0687e-01
6585.46	3.7338e+00	2.0658e-01
6586.24	3.4543e+00	2.0564e-01
6587.01	3.1890e+00	2.0450e-01
6587.79	3.4215e+00	2.0374e-01
6588.56	3.5266e+00	2.0330e-01
6589.34	3.3734e+00	2.0350e-01
6590.11	3.1620e+00	2.0431e-01
6590.88	3.1262e+00	2.0429e-01
6591.66	3.2825e+00	2.0347e-01
6592.43	3.3594e+00	2.0363e-01
6593.21	3.3851e+00	2.0378e-01
6593.98	3.4292e+00	2.0320e-01
6594.76	3.1956e+00	2.0320e-01
6595.53	3.0844e+00	2.0433e-01
6596.31	3.5995e+00	2.0595e-01
6597.08	3.6676e+00	2.0644e-01
6597.86	3.0204e+00	2.0545e-01
6598.63	2.8180e+00	2.0465e-01
6599.41	3.0680e+00	2.0396e-01
6600.18	3.2537e+00	2.0292e-01
6600.96	3.2947e+00	2.0314e-01
6601.73	3.2370e+00	2.0402e-01
6602.51	3.3000e+00	2.0343e-01
6603.28	3.3053e+00	2.0425e-01
6604.06	3.1917e+00	2.0725e-01
6604.83	3.2887e+00	2.0830e-01
6605.61	3.4436e+00	2.0698e-01
6606.38	3.3548e+00	2.0542e-01
6607.16	3.2632e+00	2.0408e-01
6607.93	3.2531e+00	2.0328e-01
6608.71	3.1534e+00	2.0292e-01
6609.48	3.0263e+00	2.0275e-01
6610.26	2.9933e+00	2.0252e-01
6611.03	3.2052e+00	2.0241e-01
6611.81	3.4491e+00	2.0239e-01
6612.58	3.3976e+00	2.0243e-01
6613.36	3.2976e+00	2.0242e-01
6614.13	3.3388e+00	2.0241e-01
6614.91	3.3084e+00	2.0257e-01
6615.68	3.2656e+00	2.0274e-01
6616.45	3.3029e+00	2.0267e-01
6617.23	3.2995e+00	2.0273e-01
6618.00	3.2601e+00	2.0279e-01
6618.78	3.3305e+00	2.0241e-01
6619.55	3.2914e+00	2.0203e-01
6620.33	3.0536e+00	2.0203e-01
6621.10	2.8500e+00	2.0194e-01
6621.88	2.8509e+00	2.0200e-01
6622.65	3.0274e+00	2.0263e-01
6623.43	3.2561e+00	2.0232e-01
6624.20	3.3637e+00	2.0133e-01
6624.98	3.3210e+00	2.0185e-01
6625.75	3.1801e+00	2.0295e-01
6626.53	3.0778e+00	2.0316e-01
6627.30	3.0131e+00	2.0348e-01
6628.08	3.0890e+00	2.0400e-01
6628.85	3.3696e+00	2.0417e-01
6629.63	3.5213e+00	2.0388e-01
6630.40	3.4287e+00	2.0328e-01
6631.18	3.4669e+00	2.0249e-01
6631.95	3.5415e+00	2.0225e-01
6632.73	3.4155e+00	2.0291e-01
6633.50	3.3620e+00	2.0346e-01
6634.28	3.3881e+00	2.0362e-01
6635.05	3.2287e+00	2.0431e-01
6635.83	3.1191e+00	2.0437e-01
6636.60	3.2098e+00	2.0331e-01
6637.38	3.1530e+00	2.0239e-01
6638.15	3.0313e+00	2.0239e-01
6638.93	3.1278e+00	2.0311e-01
6639.70	3.2615e+00	2.0310e-01
6640.48	3.2823e+00	2.0221e-01
6641.25	3.1788e+00	2.0256e-01
6642.03	3.2191e+00	2.0302e-01
6642.80	3.5200e+00	2.0224e-01
6643.57	3.5755e+00	2.0221e-01
6644.35	3.3398e+00	2.0285e-01
6645.12	3.2381e+00	2.0239e-01
6645.90	3.1740e+00	2.0199e-01
6646.67	3.1223e+00	2.0241e-01
6647.45	3.4942e+00	2.0249e-01
6648.22	3.7483e+00	2.0225e-01
6649.00	3.3186e+00	2.0218e-01
6649.77	3.1688e+00	2.0261e-01
6650.55	3.5233e+00	2.0306e-01
6651.32	3.5099e+00	2.0248e-01
6652.10	3.3487e+00	2.0185e-01
6652.87	3.3793e+00	2.0210e-01
6653.65	3.3056e+00	2.0170e-01
6654.42	3.1651e+00	2.0121e-01
6655.20	3.1486e+00	2.0213e-01
6655.97	3.2762e+00	2.0272e-01
6656.75	3.4135e+00	2.0210e-01
6657.52	3.3724e+00	2.0143e-01
6658.30	3.2382e+00	2.0161e-01
6659.07	3.2008e+00	2.0262e-01
6659.85	3.3169e+00	2.0291e-01
6660.62	3.4088e+00	2.0247e-01
6661.40	3.1776e+00	2.0279e-01
6662.17	3.1762e+00	2.0305e-01
6662.95	3.6106e+00	2.0266e-01
6663.72	3.6775e+00	2.0275e-01
6664.50	3.4222e+00	2.0274e-01
6665.27	3.3385e+00	2.0168e-01
6666.05	3.4050e+00	2.0140e-01
6666.82	3.3555e+00	2.0222e-01
6667.60	2.9330e+00	2.0257e-01
6668.37	2.4136e+00	2.0186e-01
6669.14	2.2675e+00	2.0076e-01
6669.92	2.7482e+00	2.0124e-01
6670.69	3.4686e+00	2.0264e-01
6671.47	3.7924e+00	2.0254e-01
6672.24	3.6757e+00	2.0237e-01
6673.02	3.4673e+00	2.0293e-01
6673.79	3.3248e+00	2.0219e-01
6674.57	3.4981e+00	2.0177e-01
6675.34	3.9135e+00	2.0338e-01
6676.12	4.4736e+00	2.0475e-01
6676.89	4.8571e+00	2.0487e-01
6677.67	4.8357e+00	2.0492e-01
6678.44	4.4498e+00	2.0417e-01
6679.22	3.9731e+00	2.0270e-01
6679.99	3.5280e+00	2.0216e-01
6680.77	3.2913e+00	2.0258e-01
6681.54	3.3017e+00	2.0282e-01
6682.32	3.3043e+00	2.0249e-01
6683.09	3.1886e+00	2.0193e-01
6683.87	3.2275e+00	2.0220e-01
6684.64	3.3575e+00	2.0262e-01
6685.42	3.4596e+00	2.0240e-01
6686.19	3.6566e+00	2.0262e-01
6686.97	3.8192e+00	2.0316e-01
6687.74	3.8879e+00	2.0345e-01
6688.52	4.0783e+00	2.0387e-01
6689.29	6.9601e+00	2.0982e-01
6690.07	1.3949e+01	2.2300e-01
6690.84	2.5659e+01	2.4278e-01
6691.62	3.7661e+01	2.6097e-01
6692.39	4.0352e+01	2.6461e-01
6693.17	3.1453e+01	2.5144e-01
6693.94	1.8086e+01	2.3026e-01
6694.72	8.1170e+00	2.1228e-01
6695.49	4.5777e+00	2.0502e-01
6696.26	4.1194e+00	2.0401e-01
6697.04	3.5364e+00	2.0274e-01
6697.81	3.5146e+00	2.0262e-01
6698.59	3.4324e+00	2.0262e-01
6699.36	3.2380e+00	2.0267e-01
6700.14	3.1438e+00	2.0291e-01
6700.91	3.1613e+00	2.0306e-01
6701.69	3.2234e+00	2.0327e-01
6702.46	3.1905e+00	2.0202e-01
6703.24	3.1265e+00	2.0259e-01
6704.01	3.2367e+00	2.0880e-01
6704.79	3.3721e+00	2.1385e-01
6705.56	3.4062e+00	2.1265e-01
6706.34	3.5265e+00	2.0747e-01
6707.11	3.5620e+00	2.0242e-01
6707.89	3.3543e+00	2.0110e-01
6708.66	3.2604e+00	2.0155e-01
6709.44	3.5466e+00	2.0195e-01
6710.21	3.7630e+00	2.0349e-01
6710.99	4.7220e+00	2.0604e-01
6711.76	6.6157e+00	2.0908e-01
6712.54	8.4705e+00	2.1326e-01
6713.31	9.0809e+00	2.1538e-01
6714.09	8.1431e+00	2.1226e-01
6714.86	6.0842e+00	2.0737e-01
6715.64	4.1727e+00	2.0456e-01
6716.41	3.4736e+00	2.0306e-01
6717.19	3.4992e+00	2.0252e-01
6717.96	3.1415e+00	2.0224e-01
6718.74	3.2862e+00	2.0223e-01
6719.51	3.6691e+00	2.0209e-01
6720.29	3.3670e+00	2.0167e-01
6721.06	2.9828e+00	2.0170e-01
6721.83	3.1176e+00	2.0242e-01
6722.61	3.3401e+00	2.0253e-01
6723.38	3.3522e+00	2.0234e-01
6724.16	3.1185e+00	2.0286e-01
6724.93	3.0561e+00	2.0294e-01
6725.71	3.2647e+00	2.0249e-01
6726.48	3.2278e+00	2.0290e-01
6727.26	3.2524e+00	2.0318e-01
6728.03	3.5785e+00	2.0237e-01
6728.81	3.4411e+00	2.0187e-01
6729.58	2.9976e+00	2.0206e-01
6730.36	3.0159e+00	2.0224e-01
6731.13	3.1653e+00	2.0237e-01
6731.91	3.1393e+00	2.0243e-01
6732.68	3.2801e+00	2.0264e-01
6733.46	3.3549e+00	2.0243e-01
6734.23	3.1348e+00	2.0145e-01
6735.01	2.9198e+00	2.0155e-01
6735.78	2.9516e+00	2.0247e-01
6736.56	3.2359e+00	2.0185e-01
6737.33	3.2976e+00	2.0138e-01
6738.11	2.9621e+00	2.0241e-01
6738.88	2.9652e+00	2.0222e-01
6739.66	3.2306e+00	2.0174e-01
6740.43	3.1738e+00	2.0323e-01
6741.21	3.2301e+00	2.0390e-01
6741.98	3.4752e+00	2.0278e-01
6742.76	3.3214e+00	2.0237e-01
6743.53	3.1444e+00	2.0247e-01
6744.31	3.3587e+00	2.0216e-01
6745.08	3.2819e+00	2.0212e-01
6745.86	2.9710e+00	2.0255e-01
6746.63	3.0496e+00	2.0321e-01
6747.40	3.2761e+00	2.0328e-01
6748.18	3.3198e+00	2.0262e-01
6748.95	3.1105e+00	2.0234e-01
6749.73	3.0282e+00	2.0252e-01
6750.50	3.4128e+00	2.0254e-01
6751.28	3.4780e+00	2.0270e-01
6752.05	3.1602e+00	2.0281e-01
6752.83	3.3309e+00	2.0240e-01
6753.60	3.5366e+00	2.0197e-01
6754.38	3.3101e+00	2.0200e-01
6755.15	3.3197e+00	2.0216e-01
6755.93	3.4735e+00	2.0216e-01
6756.70	3.2857e+00	2.0196e-01
6757.48	3.0424e+00	2.0196e-01
6758.25	2.9992e+00	2.0227e-01
6759.03	3.1859e+00	2.0236e-01
6759.80	3.1814e+00	2.0236e-01
6760.58	2.7432e+00	2.0256e-01
6761.35	2.7097e+00	2.0268e-01
6762.13	3.0718e+00	2.0276e-01
6762.90	3.0106e+00	2.0310e-01
6763.68	2.8728e+00	2.0313e-01
6764.45	3.0153e+00	2.0261e-01
6765.23	3.0632e+00	2.0226e-01
6766.00	3.0983e+00	2.0204e-01
6766.78	3.3197e+00	2.0160e-01
6767.55	3.3140e+00	2.0164e-01
6768.33	3.0928e+00	2.0214e-01
6769.10	3.1462e+00	2.0217e-01
6769.88	3.3352e+00	2.0221e-01
6770.65	3.3735e+00	2.0276e-01
6771.43	3.2271e+00	2.0282e-01
6772.20	3.1751e+00	2.0250e-01
6772.98	3.5361e+00	2.0259e-01
6773.75	3.6504e+00	2.0290e-01
6774.52	3.2821e+00	2.0301e-01
6775.30	3.2401e+00	2.0273e-01
6776.07	3.3403e+00	2.0241e-01
6776.85	3.1131e+00	2.0249e-01
6777.62	3.0939e+00	2.0227e-01
6778.40	3.2506e+00	2.0174e-01
6779.17	3.0210e+00	2.0172e-01
6779.95	2.9022e+00	2.0184e-01
6780.72	3.2134e+00	2.0177e-01
6781.50	3.3359e+00	2.0217e-01
6782.27	3.2048e+00	2.0264e-01
6783.05	3.1494e+00	2.0248e-01
6783.82	3.0565e+00	2.0251e-01
6784.60	2.9164e+00	2.0290e-01
6785.37	2.8090e+00	2.0251e-01
6786.15	2.9014e+00	2.0224e-01
6786.92	3.1854e+00	2.0291e-01
6787.70	3.0993e+00	2.0252e-01
6788.47	2.8815e+00	2.0163e-01
6789.25	3.2651e+00	2.0248e-01
6790.02	3.4794e+00	2.0315e-01
6790.80	3.1429e+00	2.0249e-01
6791.57	3.2119e+00	2.0239e-01
6792.35	3.4136e+00	2.0290e-01
6793.12	3.1241e+00	2.0319e-01
6793.90	2.9827e+00	2.0291e-01
6794.67	3.1385e+00	2.0240e-01
6795.45	3.0635e+00	2.0259e-01
6796.22	3.0302e+00	2.0282e-01
6797.00	3.2337e+00	2.0246e-01
6797.77	3.1432e+00	2.0307e-01
6798.55	2.9167e+00	2.0357e-01
6799.32	3.0236e+00	2.0203e-01
6800.09	3.2775e+00	2.0184e-01
6800.87	3.3895e+00	2.0361e-01
6801.64	3.2496e+00	2.0280e-01
6802.42	3.0884e+00	2.0151e-01
6803.19	3.1562e+00	2.0282e-01
6803.97	3.0644e+00	2.0279e-01
6804.74	2.8763e+00	2.0142e-01
6805.52	3.0433e+00	2.0219e-01
6806.29	3.1143e+00	2.0306e-01
6807.07	2.8823e+00	2.0240e-01
6807.84	2.9295e+00	2.0173e-01
6808.62	3.2369e+00	2.0207e-01
6809.39	3.4275e+00	2.0341e-01
6810.17	3.4015e+00	2.0333e-01
6810.94	3.2343e+00	2.0200e-01
6811.72	3.1281e+00	2.0293e-01
6812.49	3.0955e+00	2.0369e-01
6813.27	3.0452e+00	2.0213e-01
6814.04	2.9589e+00	2.0236e-01
6814.82	2.8653e+00	2.0367e-01
6815.59	2.8187e+00	2.0257e-01
6816.37	2.9849e+00	2.0166e-01
6817.14	3.2359e+00	2.0277e-01
6817.92	3.0517e+00	2.0389e-01
6818.69	2.8741e+00	2.0491e-01
6819.47	3.2208e+00	2.0624e-01
6820.24	3.4535e+00	2.0853e-01
6821.02	3.3148e+00	2.1121e-01
6821.79	3.1276e+00	2.1294e-01
6822.57	3.0662e+00	2.1172e-01
6823.34	3.1689e+00	2.0774e-01
6824.12	3.2656e+00	2.0334e-01
6824.89	3.2728e+00	2.0133e-01
6825.67	3.2453e+00	2.0244e-01
6826.44	3.2109e+00	2.0438e-01
6827.21	3.2316e+00	2.0663e-01
6827.99	3.4044e+00	2.1118e-01
6828.76	3.3812e+00	2.1644e-01
6829.54	3.0160e+00	2.1977e-01
6830.31	2.8660e+00	2.2087e-01
6831.09	3.0911e+00	2.1851e-01
6831.86	3.3620e+00	2.1215e-01
6832.64	3.4348e+00	2.0749e-01
6833.41	3.2200e+00	2.0926e-01
6834.19	2.8247e+00	2.1617e-01
6834.96	2.6190e+00	2.2159e-01
6835.74	2.7961e+00	2.2094e-01
6836.51	3.0881e+00	2.1461e-01
6837.29	3.2002e+00	2.0696e-01
6838.06	3.1085e+00	2.0314e-01
6838.84	3.0501e+00	2.0292e-01
6839.61	3.1666e+00	2.0280e-01
6840.39	3.0704e+00	2.0363e-01
6841.16	2.8423e+00	2.0512e-01
6841.94	2.8152e+00	2.0714e-01
6842.71	2.8759e+00	2.0794e-01
6843.49	2.9101e+00	2.0675e-01
6844.26	2.8498e+00	2.0407e-01
6845.04	2.9669e+00	2.0219e-01
6845.81	3.6618e+00	2.0315e-01
6846.59	5.1393e+00	2.0644e-01
6847.36	7.3411e+00	2.1104e-01
6848.14	9.6177e+00	2.1579e-01
6848.91	1.0307e+01	2.1734e-01
6849.69	8.8740e+00	2.1476e-01
6850.46	6.3390e+00	2.1016e-01
6851.24	4.3215e+00	2.0609e-01
6852.01	3.6371e+00	2.0377e-01
6852.78	3.3938e+00	2.0290e-01
6853.56	2.9392e+00	2.0226e-01
6854.33	3.2432e+00	2.0241e-01
6855.11	3.5327e+00	2.0242e-01
6855.88	3.2260e+00	2.0194e-01
6856.66	2.9017e+00	2.0168e-01
6857.43	2.8580e+00	2.0180e-01
6858.21	3.0405e+00	2.0203e-01
6858.98	3.0145e+00	2.0178e-01
6859.76	2.8787e+00	2.0175e-01
6860.53	3.1667e+00	2.0283e-01
6861.31	4.2287e+00	2.0553e-01
6862.08	5.7030e+00	2.1013e-01
6862.86	7.3290e+00	2.2150e-01
6863.63	8.1172e+00	2.3523e-01
6864.41	7.3222e+00	2.4366e-01
6865.18	5.5245e+00	2.3956e-01
6865.96	3.9372e+00	2.2599e-01
6866.73	3.2116e+00	2.1491e-01
6867.51	3.0136e+00	2.1855e-01
6868.28	2.5425e+00	2.3172e-01
6869.06	2.7085e+00	2.4714e-01
6869.83	3.3208e+00	2.5615e-01
6870.61	2.9873e+00	2.5549e-01
6871.38	2.7219e+00	2.5013e-01
6872.16	3.4615e+00	2.4710e-01
6872.93	3.4532e+00	2.4275e-01
6873.71	2.7254e+00	2.3685e-01
6874.48	2.6469e+00	2.3249e-01
6875.26	2.7610e+00	2.2940e-01
6876.03	2.6724e+00	2.2611e-01
6876.81	2.7495e+00	2.2378e-01
6877.58	2.9468e+00	2.2133e-01
6878.35	3.0998e+00	2.1834e-01
6879.13	3.1377e+00	2.1574e-01
6879.90	3.1196e+00	2.1348e-01
6880.68	3.1969e+00	2.1204e-01
6881.45	3.1588e+00	2.0979e-01
6882.23	2.8896e+00	2.0626e-01
6883.00	2.6680e+00	2.0364e-01
6883.78	2.5689e+00	2.0354e-01
6884.55	2.4841e+00	2.0575e-01
6885.33	2.6900e+00	2.0868e-01
6886.10	3.0220e+00	2.1109e-01
6886.88	2.8738e+00	2.1331e-01
6887.65	2.6664e+00	2.1439e-01
6888.43	2.9217e+00	2.1487e-01
6889.20	3.2734e+00	2.2357e-01
6889.98	3.3806e+00	2.3280e-01
6890.75	3.1966e+00	2.2966e-01
6891.53	2.8759e+00	2.1994e-01
6892.30	2.7232e+00	2.1397e-01
6893.08	2.8859e+00	2.1408e-01
6893.85	3.1691e+00	2.1637e-01
6894.63	3.2618e+00	2.1486e-01
6895.40	3.0776e+00	2.1174e-01
6896.18	2.8647e+00	2.1079e-01
6896.95	3.0252e+00	2.1492e-01
6897.73	3.1455e+00	2.1661e-01
6898.50	2.8778e+00	2.1186e-01
6899.28	2.6978e+00	2.0769e-01
6900.05	2.7667e+00	2.1091e-01
6900.83	2.8944e+00	2.2040e-01
6901.60	3.0947e+00	2.2388e-01
6902.38	3.2031e+00	2.1724e-01
6903.15	2.9550e+00	2.0934e-01
6903.93	2.6639e+00	2.0722e-01
6904.70	2.7035e+00	2.1077e-01
6905.47	2.7764e+00	2.1470e-01
6906.25	2.7862e+00	2.1301e-01
6907.02	2.8990e+00	2.0521e-01
6907.80	2.9987e+00	2.0059e-01
6908.57	3.0499e+00	2.0509e-01
6909.35	3.2492e+00	2.1005e-01
6910.12	3.4221e+00	2.1075e-01
6910.90	3.3242e+00	2.0840e-01
6911.67	3.0792e+00	2.0630e-01
6912.45	2.9117e+00	2.0853e-01
6913.22	2.9270e+00	2.1500e-01
6914.00	3.0350e+00	2.1874e-01
6914.77	3.0682e+00	2.1522e-01
6915.55	3.1596e+00	2.0771e-01
6916.32	3.1817e+00	2.0153e-01
6917.10	2.9788e+00	2.0002e-01
6917.87	2.7311e+00	2.0230e-01
6918.65	2.6660e+00	2.0445e-01
6919.42	2.8458e+00	2.0662e-01
6920.20	3.0652e+00	2.0582e-01
6920.97	3.0879e+00	2.0252e-01
6921.75	2.9767e+00	2.0249e-01
6922.52	2.8764e+00	2.0968e-01
6923.30	2.8140e+00	2.2036e-01
6924.07	3.0166e+00	2.2675e-01
6924.85	3.3835e+00	2.2448e-01
6925.62	3.3098e+00	2.1454e-01
6926.40	3.0095e+00	2.0392e-01
6927.17	3.0686e+00	2.0070e-01
6927.95	3.1497e+00	2.0097e-01
6928.72	3.0042e+00	2.0022e-01
6929.50	2.8122e+00	2.0251e-01
6930.27	2.6330e+00	2.0509e-01
6931.04	2.5362e+00	2.0543e-01
6931.82	2.6692e+00	2.0325e-01
6932.59	2.8901e+00	2.0057e-01
6933.37	2.9391e+00	2.0004e-01
6934.14	2.9118e+00	2.0057e-01
6934.92	2.9296e+00	2.0048e-01
6935.69	2.9854e+00	2.0073e-01
6936.47	2.8847e+00	2.0080e-01
6937.24	2.5407e+00	2.0067e-01
6938.02	2.5141e+00	2.0121e-01
6938.79	2.8449e+00	2.0436e-01
6939.57	2.9608e+00	2.1049e-01
6940.34	2.9644e+00	2.1492e-01
6941.12	3.0592e+00	2.1451e-01
6941.89	3.0471e+00	2.1094e-01
6942.67	3.0053e+00	2.0709e-01
6943.44	3.0729e+00	2.0513e-01
6944.22	3.1507e+00	2.0317e-01
6944.99	3.1301e+00	2.0031e-01
6945.77	3.0096e+00	2.0025e-01
6946.54	2.8959e+00	2.0110e-01
6947.32	2.8922e+00	2.0135e-01
6948.09	2.8236e+00	2.0848e-01
6948.87	2.7863e+00	2.1864e-01
6949.64	3.0562e+00	2.2277e-01
6950.42	3.1578e+00	2.1969e-01
6951.19	2.9122e+00	2.1282e-01
6951.97	3.0063e+00	2.0622e-01
6952.74	3.2004e+00	2.0274e-01
6953.52	2.9756e+00	2.0105e-01
6954.29	2.6899e+00	2.0117e-01
6955.07	2.6493e+00	2.0117e-01
6955.84	2.8487e+00	2.0064e-01
6956.62	2.9840e+00	2.0005e-01
6957.39	2.8707e+00	2.0030e-01
6958.16	3.0274e+00	2.0099e-01
6958.94	3.2819e+00	2.0138e-01
6959.71	3.0907e+00	2.0102e-01
6960.49	2.9356e+00	2.0047e-01
6961.26	3.0207e+00	2.0028e-01
6962.04	2.7669e+00	2.0007e-01
6962.81	2.5536e+00	2.0032e-01
6963.59	2.8197e+00	2.0122e-01
6964.36	3.0684e+00	2.0155e-01
6965.14	3.0503e+00	2.0118e-01
6965.91	2.9656e+00	2.0105e-01
6966.69	2.9075e+00	2.0120e-01
6967.46	2.9459e+00	2.0157e-01
6968.24	3.0144e+00	2.0174e-01
6969.01	3.0948e+00	2.0267e-01
6969.79	3.1930e+00	2.0482e-01
6970.56	3.0740e+00	2.0645e-01
6971.34	2.8320e+00	2.0616e-01
6972.11	2.9036e+00	2.0425e-01
6972.89	2.9940e+00	2.0180e-01
6973.66	2.7887e+00	2.0015e-01
6974.44	2.8474e+00	1.9970e-01
6975.21	3.0212e+00	1.9986e-01
6975.99	2.7634e+00	1.9988e-01
6976.76	2.6341e+00	2.0103e-01
6977.54	2.9377e+00	2.0447e-01
6978.31	3.1448e+00	2.1013e-01
6979.09	3.2138e+00	2.1405e-01
6979.86	3.3019e+00	2.1322e-01
6980.64	3.1568e+00	2.0826e-01
6981.41	2.8784e+00	2.0266e-01
6982.19	2.7689e+00	1.9992e-01
6982.96	2.9096e+00	2.0009e-01
6983.73	3.1181e+00	2.0047e-01
6984.51	3.1517e+00	2.0095e-01
6985.28	2.9727e+00	2.0095e-01
6986.06	2.7995e+00	2.0089e-01
6986.83	2.6830e+00	2.0062e-01
6987.61	2.6772e+00	2.0023e-01
6988.38	2.8250e+00	1.9986e-01
6989.16	2.9639e+00	1.9974e-01
6989.93	2.9502e+00	1.9988e-01
6990.71	2.8351e+00	1.9980e-01
6991.48	2.7423e+00	1.9953e-01
6992.26	2.7760e+00	1.9965e-01
6993.03	2.7244e+00	1.9956e-01
6993.81	2.5330e+00	1.9916e-01
6994.58	2.5302e+00	1.9947e-01
6995.36	2.6929e+00	2.0007e-01
6996.13	2.7905e+00	2.0001e-01
6996.91	3.0069e+00	2.0015e-01
6997.68	3.1695e+00	2.0047e-01
6998.46	2.8328e+00	1.9991e-01
6999.23	2.5469e+00	1.9937e-01
7000.01	2.7565e+00	1.9971e-01
7000.78	2.8649e+00	2.0017e-01
7001.56	2.7898e+00	2.0036e-01
7002.33	2.8179e+00	2.0029e-01
7003.11	3.0217e+00	2.0104e-01
7003.88	3.2290e+00	2.0243e-01
7004.66	3.0301e+00	2.0248e-01
7005.43	2.7632e+00	2.0163e-01
7006.21	2.8705e+00	2.0118e-01
7006.98	2.9170e+00	2.0035e-01
7007.76	2.8523e+00	1.9935e-01
7008.53	3.0415e+00	1.9910e-01
7009.30	3.0597e+00	1.9935e-01
7010.08	2.7392e+00	2.0006e-01
7010.85	2.6321e+00	2.0235e-01
7011.63	2.7390e+00	2.0486e-01
7012.40	2.7331e+00	2.0563e-01
7013.18	2.8507e+00	2.0448e-01
7013.95	3.0135e+00	2.0235e-01
7014.73	2.8616e+00	2.0043e-01
7015.50	2.6210e+00	1.9932e-01
7016.28	2.6094e+00	1.9868e-01
7017.05	2.7151e+00	1.9826e-01
7017.83	2.8350e+00	1.9794e-01
7018.60	2.9118e+00	1.9820e-01
7019.38	2.9468e+00	1.9858e-01
7020.15	2.9789e+00	1.9885e-01
7020.93	2.9682e+00	1.9945e-01
7021.70	3.0002e+00	1.9989e-01
7022.48	3.1112e+00	1.9967e-01
7023.25	3.1378e+00	1.9933e-01
7024.03	3.0429e+00	1.9924e-01
7024.80	2.9472e+00	1.9925e-01
7025.58	2.9204e+00	1.9918e-01
7026.35	2.9396e+00	1.9891e-01
7027.13	2.9040e+00	1.9853e-01
7027.90	2.7983e+00	1.9831e-01
7028.68	2.7242e+00	1.9839e-01
7029.45	2.6249e+00	1.9877e-01
7030.23	2.6050e+00	1.9913e-01
7031.00	2.9022e+00	1.9904e-01
7031.78	3.1951e+00	1.9887e-01
7032.55	3.1693e+00	1.9904e-01
7033.33	3.1911e+00	1.9894e-01
7034.10	3.2648e+00	1.9867e-01
7034.88	3.0902e+00	1.9888e-01
7035.65	2.9669e+00	1.9896e-01
7036.42	3.0456e+00	1.9860e-01
7037.20	3.0275e+00	1.9856e-01
7037.97	2.9644e+00	1.9847e-01
7038.75	3.0176e+00	1.9787e-01
7039.52	2.9630e+00	1.9769e-01
7040.30	2.7916e+00	1.9844e-01
7041.07	2.6648e+00	1.9962e-01
7041.85	2.8629e+00	2.0068e-01
7042.62	3.2809e+00	2.0107e-01
7043.40	3.0356e+00	2.0005e-01
7044.17	2.5600e+00	1.9880e-01
7044.95	2.8800e+00	1.9893e-01
7045.72	3.0936e+00	1.9978e-01
7046.50	2.8299e+00	2.0064e-01
7047.27	3.0571e+00	2.0165e-01
7048.05	3.2676e+00	2.0297e-01
7048.82	2.8761e+00	2.0434e-01
7049.60	2.7893e+00	2.0441e-01
7050.37	3.0447e+00	2.0312e-01
7051.15	2.8894e+00	2.0162e-01
7051.92	2.7729e+00	2.0085e-01
7052.70	2.9974e+00	2.0084e-01
7053.47	3.0873e+00	2.0076e-01
7054.25	3.0350e+00	2.0044e-01
7055.02	3.0370e+00	2.0041e-01
7055.80	3.1283e+00	1.9982e-01
7056.57	3.1207e+00	1.9883e-01
7057.35	2.6503e+00	1.9879e-01
7058.12	2.4303e+00	1.9893e-01
7058.90	2.8883e+00	1.9848e-01
7059.67	2.9799e+00	1.9867e-01
7060.45	2.7184e+00	1.9930e-01
7061.22	2.9061e+00	1.9931e-01
7061.99	2.8869e+00	1.9944e-01
7062.77	2.5012e+00	1.9994e-01
7063.54	2.5835e+00	1.9983e-01
7064.32	2.8811e+00	1.9954e-01
7065.09	2.8442e+00	1.9977e-01
7065.87	2.8589e+00	1.9985e-01
7066.64	2.9694e+00	1.9967e-01
7067.42	2.9003e+00	1.9977e-01
7068.19	2.7357e+00	1.9983e-01
7068.97	2.6556e+00	1.9968e-01
7069.74	2.8058e+00	1.9981e-01
7070.52	2.9803e+00	2.0014e-01
7071.29	2.8788e+00	2.0034e-01
7072.07	2.9338e+00	1.9981e-01
7072.84	3.1546e+00	1.9905e-01
7073.62	2.9532e+00	1.9947e-01
7074.39	2.6697e+00	2.0014e-01
7075.17	2.7257e+00	1.9986e-01
7075.94	2.6909e+00	1.9931e-01
7076.72	2.5952e+00	1.9914e-01
7077.49	2.7680e+00	1.9949e-01
7078.27	2.9319e+00	2.0000e-01
7079.04	2.8894e+00	2.0006e-01
7079.82	2.8096e+00	1.9953e-01
7080.59	2.7563e+00	1.9874e-01
7081.37	2.7344e+00	1.9828e-01
7082.14	2.7724e+00	1.9892e-01
7082.92	2.8392e+00	1.9999e-01
7083.69	2.9001e+00	2.0008e-01
7084.47	2.8670e+00	1.9941e-01
7085.24	2.7651e+00	1.9888e-01
7086.02	2.8699e+00	1.9841e-01
7086.79	2.9807e+00	1.9846e-01
7087.57	2.7508e+00	1.9918e-01
7088.34	2.6416e+00	1.9990e-01
7089.11	2.8204e+00	2.0029e-01
7089.89	2.8742e+00	2.0102e-01
7090.66	2.7945e+00	2.0106e-01
7091.44	2.7463e+00	1.9986e-01
7092.21	2.7344e+00	1.9886e-01
7092.99	2.8151e+00	1.9872e-01
7093.76	2.9929e+00	1.9890e-01
7094.54	3.0983e+00	1.9890e-01
7095.31	3.0385e+00	1.9851e-01
7096.09	2.9513e+00	1.9854e-01
7096.86	2.8455e+00	1.9851e-01
7097.64	2.6793e+00	1.9777e-01
7098.41	2.8629e+00	1.9775e-01
7099.19	3.1747e+00	1.9846e-01
7099.96	2.8662e+00	1.9817e-01
7100.74	2.5826e+00	1.9794e-01
7101.51	2.9184e+00	1.9870e-01
7102.29	3.1914e+00	1.9881e-01
7103.06	3.1862e+00	1.9839e-01
7103.84	3.1372e+00	1.9862e-01
7104.61	3.0346e+00	1.9862e-01
7105.39	2.9068e+00	1.9809e-01
7106.16	2.7611e+00	1.9790e-01
7106.94	2.6630e+00	1.9811e-01
7107.71	2.6554e+00	1.9837e-01
7108.49	2.7854e+00	1.9863e-01
7109.26	2.9275e+00	1.9869e-01
7110.04	2.8914e+00	1.9846e-01
7110.81	2.9175e+00	1.9815e-01
7111.59	3.1347e+00	1.9801e-01
7112.36	3.2759e+00	1.9809e-01
7113.14	3.1914e+00	1.9819e-01
7113.91	2.9366e+00	1.9809e-01
7114.68	2.8128e+00	1.9787e-01
7115.46	2.8650e+00	1.9780e-01
7116.23	2.7653e+00	1.9811e-01
7117.01	2.6816e+00	1.9844e-01
7117.78	2.7850e+00	1.9840e-01
7118.56	2.7143e+00	1.9800e-01
7119.33	2.5902e+00	1.9767e-01
7120.11	2.7656e+00	1.9783e-01
7120.88	3.0091e+00	1.9812e-01
7121.66	3.0423e+00	1.9809e-01
7122.43	2.7970e+00	1.9768e-01
7123.21	2.6026e+00	1.9743e-01
7123.98	2.7563e+00	1.9782e-01
7124.76	2.8986e+00	1.9823e-01
7125.53	2.8596e+00	1.9826e-01
7126.31	2.8393e+00	1.9802e-01
7127.08	2.8165e+00	1.9809e-01
7127.86	2.8007e+00	1.9868e-01
7128.63	2.9569e+00	1.9887e-01
7129.41	3.0857e+00	1.9874e-01
7130.18	2.9396e+00	1.9896e-01
7130.96	2.7259e+00	1.9861e-01
7131.73	2.6943e+00	1.9788e-01
7132.51	2.9159e+00	1.9820e-01
7133.28	3.0474e+00	1.9898e-01
7134.06	2.8457e+00	1.9910e-01
7134.83	2.9271e+00	1.9850e-01
7135.61	3.1614e+00	1.9781e-01
7136.38	2.9126e+00	1.9790e-01
7137.16	2.6492e+00	1.9777e-01
7137.93	2.7003e+00	1.9706e-01
7138.71	2.5931e+00	1.9757e-01
7139.48	2.5284e+00	1.9826e-01
7140.25	2.7939e+00	1.9762e-01
7141.03	3.0326e+00	1.9781e-01
7141.80	3.0012e+00	1.9920e-01
7142.58	2.7727e+00	1.9961e-01
7143.35	2.6497e+00	1.9971e-01
7144.13	2.7933e+00	2.0035e-01
7144.90	2.8670e+00	2.0075e-01
7145.68	2.8261e+00	2.0074e-01
7146.45	2.8764e+00	2.0052e-01
7147.23	2.7405e+00	2.0032e-01
7148.00	2.4689e+00	1.9997e-01
7148.78	2.5502e+00	1.9878e-01
7149.55	2.7243e+00	1.9794e-01
7150.33	2.6007e+00	1.9844e-01
7151.10	2.6750e+00	1.9873e-01
7151.88	2.8052e+00	1.9821e-01
7152.65	2.4107e+00	1.9790e-01
7153.43	2.2399e+00	1.9748e-01
7154.20	2.7012e+00	1.9698e-01
7154.98	3.0323e+00	1.9722e-01
7155.75	3.0617e+00	1.9792e-01
7156.53	3.0431e+00	1.9836e-01
7157.30	2.8610e+00	1.9809e-01
7158.08	2.6316e+00	1.9764e-01
7158.85	2.5539e+00	1.9810e-01
7159.63	2.6344e+00	1.9876e-01
7160.40	2.7249e+00	1.9865e-01
7161.18	2.5816e+00	1.9825e-01
7161.95	2.4459e+00	1.9794e-01
7162.73	2.7524e+00	1.9780e-01
7163.50	2.9029e+00	1.9806e-01
7164.28	2.6893e+00	1.9853e-01
7165.05	2.8819e+00	1.9814e-01
7165.83	3.0501e+00	1.9858e-01
7166.60	2.6584e+00	2.0117e-01
7167.37	2.6916e+00	2.0405e-01
7168.15	3.1556e+00	2.0588e-01
7168.92	3.0911e+00	2.0646e-01
7169.70	2.9022e+00	2.0656e-01
7170.47	2.9858e+00	2.0708e-01
7171.25	2.8681e+00	2.0669e-01
7172.02	2.6220e+00	2.0670e-01
7172.80	2.5436e+00	2.0831e-01
7173.57	2.7277e+00	2.1084e-01
7174.35	2.9612e+00	2.1244e-01
7175.12	2.8372e+00	2.1167e-01
7175.90	2.7007e+00	2.0947e-01
7176.67	2.9002e+00	2.0821e-01
7177.45	2.6849e+00	2.1175e-01
7178.22	2.3246e+00	2.1546e-01
7179.00	2.6538e+00	2.1242e-01
7179.77	2.9689e+00	2.0685e-01
7180.55	2.8129e+00	2.0463e-01
7181.32	2.8912e+00	2.0537e-01
7182.10	2.9590e+00	2.0739e-01
7182.87	2.6376e+00	2.0874e-01
7183.65	2.5440e+00	2.0841e-01
7184.42	2.8457e+00	2.0986e-01
7185.20	3.1015e+00	2.1587e-01
7185.97	3.1599e+00	2.2436e-01
7186.75	3.0491e+00	2.3003e-01
7187.52	2.9337e+00	2.2951e-01
7188.30	2.8188e+00	2.2271e-01
7189.07	2.5656e+00	2.1394e-01
7189.85	2.7779e+00	2.0597e-01
7190.62	3.2784e+00	2.0259e-01
7191.40	3.0029e+00	2.0670e-01
7192.17	2.5107e+00	2.1305e-01
7192.94	2.6420e+00	2.1584e-01
7193.72	2.4990e+00	2.1700e-01
7194.49	2.2039e+00	2.1609e-01
7195.27	2.6049e+00	2.1164e-01
7196.04	2.9577e+00	2.0706e-01
7196.82	2.7538e+00	2.0537e-01
7197.59	2.5967e+00	2.0546e-01
7198.37	2.6510e+00	2.0630e-01
7199.14	2.7597e+00	2.0734e-01
7199.92	2.7440e+00	2.1050e-01
7200.69	2.5857e+00	2.1483e-01
7201.47	2.4975e+00	2.1717e-01
7202.24	2.5335e+00	2.1628e-01
7203.02	2.6465e+00	2.1342e-01
7203.79	2.8920e+00	2.0986e-01
7204.57	3.0349e+00	2.0865e-01
7205.34	2.8327e+00	2.1076e-01
7206.12	2.7552e+00	2.1250e-01
7206.89	2.9373e+00	2.1084e-01
7207.67	2.7511e+00	2.0773e-01
7208.44	2.5431e+00	2.0446e-01
7209.22	2.7598e+00	2.0212e-01
7209.99	2.9893e+00	2.0133e-01
7210.77	2.9456e+00	2.0103e-01
7211.54	2.7013e+00	2.0054e-01
7212.32	2.5328e+00	1.9909e-01
7213.09	2.5961e+00	1.9710e-01
7213.87	2.5523e+00	1.9633e-01
7214.64	2.5168e+00	1.9639e-01
7215.42	2.7512e+00	1.9592e-01
7216.19	2.7741e+00	1.9712e-01
7216.97	2.5748e+00	1.9960e-01
7217.74	2.7519e+00	2.0060e-01
7218.52	2.9350e+00	1.9970e-01
7219.29	2.7402e+00	1.9818e-01
7220.06	2.8184e+00	1.9712e-01
7220.84	3.0065e+00	1.9699e-01
7221.61	2.6737e+00	1.9694e-01
7222.39	2.5020e+00	1.9822e-01
7223.16	2.7479e+00	2.0067e-01
7223.94	2.5473e+00	2.0313e-01
7224.71	2.2975e+00	2.0272e-01
7225.49	2.6132e+00	1.9889e-01
7226.26	2.7512e+00	1.9759e-01
7227.04	2.5486e+00	2.0026e-01
7227.81	2.5549e+00	2.0177e-01
7228.59	2.6658e+00	2.0190e-01
7229.36	2.6926e+00	2.0152e-01
7230.14	2.6582e+00	1.9947e-01
7230.91	2.6297e+00	1.9812e-01
7231.69	2.6716e+00	1.9982e-01
7232.46	2.7577e+00	2.0487e-01
7233.24	2.8075e+00	2.1120e-01
7234.01	2.8013e+00	2.1595e-01
7234.79	2.6600e+00	2.1805e-01
7235.56	2.4420e+00	2.1811e-01
7236.34	2.4423e+00	2.1416e-01
7237.11	2.6451e+00	2.0959e-01
7237.89	2.7309e+00	2.0870e-01
7238.66	2.8866e+00	2.1540e-01
7239.44	3.1088e+00	2.2850e-01
7240.21	2.9744e+00	2.4580e-01
7240.99	2.6274e+00	2.5561e-01
7241.76	2.4677e+00	2.5224e-01
7242.54	2.4923e+00	2.3769e-01
7243.31	2.6751e+00	2.2672e-01
7244.09	2.9828e+00	2.3303e-01
7244.86	3.2202e+00	2.4853e-01
7245.63	3.2549e+00	2.5593e-01
7246.41	3.0341e+00	2.5133e-01
7247.18	2.8251e+00	2.3587e-01
7247.96	2.8934e+00	2.1914e-01
7248.73	2.9199e+00	2.0830e-01
7249.51	2.7007e+00	2.0468e-01
7250.28	2.4271e+00	2.0449e-01
7251.06	2.4081e+00	2.0500e-01
7251.83	2.7256e+00	2.0726e-01
7252.61	2.9771e+00	2.1803e-01
7253.38	2.9382e+00	2.2944e-01
7254.16	2.7813e+00	2.3021e-01
7254.93	2.6402e+00	2.2111e-01
7255.71	2.6061e+00	2.0988e-01
7256.48	2.6130e+00	2.0438e-01
7257.26	2.5906e+00	2.0559e-01
7258.03	2.5200e+00	2.0625e-01
7258.81	2.5956e+00	2.0603e-01
7259.58	2.7582e+00	2.0462e-01
7260.36	2.6410e+00	2.0293e-01
7261.13	2.6125e+00	2.0260e-01
7261.91	2.9173e+00	2.0410e-01
7262.68	2.8464e+00	2.0512e-01
7263.46	2.5277e+00	2.0546e-01
7264.23	2.5940e+00	2.0596e-01
7265.01	2.7464e+00	2.1041e-01
7265.78	2.6996e+00	2.1608e-01
7266.56	2.5975e+00	2.1473e-01
7267.33	2.5041e+00	2.0756e-01
7268.11	2.4780e+00	2.0159e-01
7268.88	2.5867e+00	2.0105e-01
7269.66	2.7573e+00	2.0424e-01
7270.43	2.8503e+00	2.0542e-01
7271.20	2.8327e+00	2.0441e-01
7271.98	2.7851e+00	2.0419e-01
7272.75	2.8078e+00	2.0622e-01
7273.53	2.8726e+00	2.0986e-01
7274.30	2.8867e+00	2.1388e-01
7275.08	2.8378e+00	2.2556e-01
7275.85	2.9132e+00	2.4904e-01
7276.63	3.3849e+00	2.8134e-01
7277.40	3.7637e+00	2.9404e-01
7278.18	3.5724e+00	2.7476e-01
7278.95	3.0332e+00	2.4058e-01
7279.73	2.5455e+00	2.1285e-01
7280.50	2.3603e+00	2.0148e-01
7281.28	2.4618e+00	2.0385e-01
7282.05	2.5745e+00	2.0389e-01
7282.83	2.5742e+00	2.0637e-01
7283.60	2.4427e+00	2.1205e-01
7284.38	2.3351e+00	2.2076e-01
7285.15	2.4942e+00	2.2597e-01
7285.93	2.7557e+00	2.2405e-01
7286.70	2.6304e+00	2.1578e-01
7287.48	2.5003e+00	2.0847e-01
7288.25	2.6913e+00	2.0807e-01
7289.03	2.7298e+00	2.0841e-01
7289.80	2.5831e+00	2.0846e-01
7290.58	2.5416e+00	2.1104e-01
7291.35	2.3607e+00	2.1350e-01
7292.13	2.1633e+00	2.1348e-01
7292.90	2.6189e+00	2.1064e-01
7293.68	2.8791e+00	2.0716e-01
7294.45	2.2696e+00	2.0598e-01
7295.23	2.4211e+00	2.0850e-01
7296.00	3.2051e+00	2.1205e-01
7296.78	3.0610e+00	2.1366e-01
7297.55	2.6040e+00	2.0981e-01
7298.32	2.5829e+00	2.0241e-01
7299.10	2.7608e+00	1.9966e-01
7299.87	2.8829e+00	2.0169e-01
7300.65	2.7479e+00	2.0307e-01
7301.42	2.5907e+00	2.0311e-01
7302.20	2.5215e+00	2.0575e-01
7302.97	2.2955e+00	2.1426e-01
7303.75	2.3862e+00	2.2531e-01
7304.52	2.8988e+00	2.3182e-01
7305.30	2.7931e+00	2.2704e-01
7306.07	2.2841e+00	2.1367e-01
7306.85	2.3385e+00	2.0248e-01
7307.62	2.6613e+00	1.9892e-01
7308.40	2.8387e+00	2.0121e-01
7309.17	2.7783e+00	2.0469e-01
7309.95	2.7791e+00	2.0699e-01
7310.72	3.0937e+00	2.0890e-01
7311.50	2.9719e+00	2.0892e-01
7312.27	2.5209e+00	2.0728e-01
7313.05	2.5608e+00	2.0568e-01
7313.82	2.7775e+00	2.0350e-01
7314.60	2.7346e+00	2.0618e-01
7315.37	2.6088e+00	2.2179e-01
7316.15	2.4661e+00	2.4408e-01
7316.92	2.3511e+00	2.6062e-01
7317.70	2.4503e+00	2.5953e-01
7318.47	2.6269e+00	2.4139e-01
7319.25	2.4699e+00	2.1982e-01
7320.02	2.3463e+00	2.0666e-01
7320.80	2.5964e+00	2.0313e-01
7321.57	2.6072e+00	2.0215e-01
7322.35	2.4512e+00	1.9809e-01
7323.12	2.6520e+00	1.9728e-01
7323.89	2.7366e+00	1.9759e-01
7324.67	2.5042e+00	1.9746e-01
7325.44	2.4433e+00	1.9762e-01
7326.22	2.5782e+00	1.9752e-01
7326.99	2.6872e+00	1.9772e-01
7327.77	2.6420e+00	2.0127e-01
7328.54	2.5373e+00	2.0930e-01
7329.32	2.5981e+00	2.1912e-01
7330.09	2.8164e+00	2.2305e-01
7330.87	2.9777e+00	2.1816e-01
7331.64	2.7661e+00	2.0875e-01
7332.42	2.4136e+00	2.0111e-01
7333.19	2.3753e+00	1.9868e-01
7333.97	2.5256e+00	1.9936e-01
7334.74	2.6227e+00	1.9888e-01
7335.52	2.6355e+00	1.9839e-01
7336.29	2.5053e+00	1.9787e-01
7337.07	2.3292e+00	1.9851e-01
7337.84	2.2469e+00	1.9742e-01
7338.62	2.3360e+00	1.9889e-01
7339.39	2.4971e+00	2.0464e-01
7340.17	2.7573e+00	2.2554e-01
7340.94	3.0451e+00	2.5053e-01
7341.72	3.1581e+00	2.6146e-01
7342.49	3.1422e+00	2.5209e-01
7343.27	3.1390e+00	2.2797e-01
7344.04	2.9719e+00	2.0586e-01
7344.82	2.6728e+00	2.0038e-01
7345.59	2.4230e+00	1.9994e-01
7346.37	2.5003e+00	2.0073e-01
7347.14	2.8235e+00	2.0077e-01
7347.92	2.7255e+00	2.0061e-01
7348.69	2.3728e+00	2.0001e-01
7349.47	2.4426e+00	1.9916e-01
7350.24	2.5608e+00	1.9937e-01
7351.01	2.4765e+00	2.0064e-01
7351.79	2.4085e+00	2.0131e-01
7352.56	2.5043e+00	2.0122e-01
7353.34	2.7486e+00	2.0102e-01
7354.11	2.6409e+00	2.0018e-01
7354.89	2.3527e+00	1.9939e-01
7355.66	2.5856e+00	1.9997e-01
7356.44	2.6437e+00	2.0011e-01
7357.21	2.1966e+00	2.0095e-01
7357.99	2.3211e+00	2.0814e-01
7358.76	2.6564e+00	2.1747e-01
7359.54	2.3478e+00	2.2183e-01
7360.31	2.4019e+00	2.1743e-01
7361.09	2.8846e+00	2.0751e-01
7361.86	2.6110e+00	2.0134e-01
7362.64	2.2513e+00	2.0010e-01
7363.41	2.5450e+00	1.9916e-01
7364.19	2.7139e+00	1.9971e-01
7364.96	2.6134e+00	2.0037e-01
7365.74	2.6382e+00	2.0113e-01
7366.51	2.5836e+00	2.0020e-01
7367.29	2.4575e+00	2.0126e-01
7368.06	2.5154e+00	2.0653e-01
7368.84	2.8187e+00	2.2134e-01
7369.61	3.1850e+00	2.3965e-01
7370.39	2.9026e+00	2.4509e-01
7371.16	2.3557e+00	2.3404e-01
7371.94	2.7468e+00	2.1568e-01
7372.71	3.0094e+00	2.0150e-01
7373.49	2.4039e+00	1.9900e-01
7374.26	2.4035e+00	2.0128e-01
7375.04	2.7664e+00	2.0174e-01
7375.81	2.4796e+00	2.0120e-01
7376.58	2.3457e+00	2.0023e-01
7377.36	2.6067e+00	1.9986e-01
7378.13	2.5119e+00	1.9933e-01
7378.91	2.3401e+00	1.9910e-01
7379.68	2.4738e+00	1.9941e-01
7380.46	2.5544e+00	1.9945e-01
7381.23	2.4744e+00	1.9913e-01
7382.01	2.3839e+00	1.9912e-01
7382.78	2.4124e+00	1.9929e-01
7383.56	2.5775e+00	1.9943e-01
7384.33	2.7381e+00	1.9959e-01
7385.11	2.7694e+00	1.9949e-01
7385.88	2.6670e+00	1.9904e-01
7386.66	2.6236e+00	1.9916e-01
7387.43	2.6432e+00	1.9984e-01
7388.21	2.4985e+00	2.0010e-01
7388.98	2.3828e+00	1.9997e-01
7389.76	2.4503e+00	2.0058e-01
7390.53	2.2956e+00	2.0192e-01
7391.31	2.2849e+00	2.0575e-01
7392.08	2.9409e+00	2.1172e-01
7392.86	3.1194e+00	2.1614e-01
7393.63	2.5560e+00	2.1646e-01
7394.41	2.5585e+00	2.1271e-01
7395.18	2.7249e+00	2.0831e-01
7395.96	2.3791e+00	2.0652e-01
7396.73	2.4924e+00	2.0501e-01
7397.51	2.9696e+00	2.0244e-01
7398.28	2.9163e+00	2.0079e-01
7399.06	2.7113e+00	1.9943e-01
7399.83	2.7558e+00	2.0040e-01
7400.61	2.6480e+00	2.0597e-01
7401.38	2.6408e+00	2.1685e-01
7402.15	3.0011e+00	2.2844e-01
7402.93	3.1149e+00	2.3136e-01
7403.70	2.8031e+00	2.2367e-01
7404.48	2.5502e+00	2.1165e-01
7405.25	2.4947e+00	2.0268e-01
7406.03	2.5550e+00	2.0040e-01
7406.80	2.5337e+00	2.0084e-01
7407.58	2.4527e+00	2.0019e-01
7408.35	2.5087e+00	1.9981e-01
7409.13	2.6610e+00	1.9973e-01
7409.90	2.7888e+00	2.0015e-01
7410.68	2.7833e+00	2.0029e-01
7411.45	2.7183e+00	2.0071e-01
7412.23	2.7189e+00	2.0182e-01
7413.00	2.6898e+00	2.0199e-01
7413.78	2.6122e+00	2.0109e-01
7414.55	2.5618e+00	2.0056e-01
7415.33	2.5318e+00	2.0039e-01
7416.10	2.5254e+00	2.0029e-01
7416.88	2.6693e+00	2.0045e-01
7417.65	2.7641e+00	2.0072e-01
7418.43	2.5764e+00	2.0095e-01
7419.20	2.5931e+00	2.0098e-01
7419.98	2.7881e+00	2.0066e-01
7420.75	2.4003e+00	1.9988e-01
7421.53	2.1688e+00	1.9953e-01
7422.30	2.6727e+00	2.0013e-01
7423.08	2.8064e+00	2.0069e-01
7423.85	2.4500e+00	2.0085e-01
7424.63	2.3537e+00	2.0109e-01
7425.40	2.4108e+00	2.0074e-01
7426.18	2.4498e+00	1.9998e-01
7426.95	2.4862e+00	1.9976e-01
7427.73	2.5042e+00	2.0053e-01
7428.50	2.5176e+00	2.0193e-01
7429.27	2.4917e+00	2.0571e-01
7430.05	2.4315e+00	2.0962e-01
7430.82	2.3406e+00	2.0989e-01
7431.60	2.4099e+00	2.0647e-01
7432.37	2.6445e+00	2.0225e-01
7433.15	2.6738e+00	2.0053e-01
7433.92	2.5534e+00	2.0098e-01
7434.70	2.6079e+00	2.0059e-01
7435.47	2.4340e+00	2.0003e-01
7436.25	2.0961e+00	2.0084e-01
7437.02	2.3041e+00	2.0220e-01
7437.80	2.5580e+00	2.0782e-01
7438.57	2.3139e+00	2.1656e-01
7439.35	2.4221e+00	2.1962e-01
7440.12	2.8606e+00	2.1502e-01
7440.90	2.9226e+00	2.0807e-01
7441.67	2.6564e+00	2.0229e-01
7442.45	2.4055e+00	1.9986e-01
7443.22	2.4476e+00	2.0037e-01
7444.00	2.6651e+00	2.0122e-01
7444.77	2.7243e+00	2.0080e-01
7445.55	2.6722e+00	2.0050e-01
7446.32	2.6603e+00	2.0093e-01
7447.10	2.7756e+00	2.0099e-01
7447.87	2.9825e+00	2.0114e-01
7448.65	3.0864e+00	2.0158e-01
7449.42	2.8078e+00	2.0128e-01
7450.20	2.3664e+00	2.0049e-01
7450.97	2.2298e+00	2.0013e-01
7451.75	2.2283e+00	2.0060e-01
7452.52	2.1943e+00	2.0131e-01
7453.30	2.2503e+00	2.0112e-01
7454.07	2.4085e+00	2.0055e-01
7454.84	2.6148e+00	2.0065e-01
7455.62	2.7083e+00	2.0080e-01
7456.39	2.6815e+00	2.0083e-01
7457.17	2.6774e+00	2.0105e-01
7457.94	2.6133e+00	2.0108e-01
7458.72	2.5010e+00	2.0092e-01
7459.49	2.6008e+00	2.0145e-01
7460.27	2.7631e+00	2.0210e-01
7461.04	2.7127e+00	2.0191e-01
7461.82	2.6696e+00	2.0278e-01
7462.59	2.7448e+00	2.0463e-01
7463.37	2.7616e+00	2.0490e-01
7464.14	2.8182e+00	2.0429e-01
7464.92	2.9222e+00	2.0436e-01
7465.69	2.7444e+00	2.0497e-01
7466.47	2.3585e+00	2.0584e-01
7467.24	2.1185e+00	2.0653e-01
7468.02	2.1572e+00	2.0583e-01
7468.79	2.3229e+00	2.0404e-01
7469.57	2.2876e+00	2.0224e-01
7470.34	2.1784e+00	2.0314e-01
7471.12	2.3002e+00	2.0716e-01
7471.89	2.7936e+00	2.1022e-01
7472.67	3.3302e+00	2.1149e-01
7473.44	3.3763e+00	2.1375e-01
7474.22	3.0477e+00	2.1438e-01
7474.99	2.7480e+00	2.1174e-01
7475.77	2.6844e+00	2.0773e-01
7476.54	2.6526e+00	2.0420e-01
7477.32	2.3082e+00	2.0222e-01
7478.09	2.2459e+00	2.0368e-01
7478.87	2.5470e+00	2.0784e-01
7479.64	2.5139e+00	2.1303e-01
7480.41	2.4432e+00	2.1498e-01
7481.19	2.7132e+00	2.1277e-01
7481.96	2.7190e+00	2.0969e-01
7482.74	2.5267e+00	2.1017e-01
7483.51	2.6514e+00	2.1445e-01
7484.29	2.7872e+00	2.1770e-01
7485.06	2.7205e+00	2.1591e-01
7485.84	2.8517e+00	2.1008e-01
7486.61	2.8500e+00	2.0452e-01
7487.39	2.3955e+00	2.0343e-01
7488.16	2.1594e+00	2.0411e-01
7488.94	2.3660e+00	2.0361e-01
7489.71	2.5902e+00	2.0313e-01
7490.49	2.6092e+00	2.0247e-01
7491.26	2.4381e+00	2.0214e-01
7492.04	2.4798e+00	2.0209e-01
7492.81	2.5555e+00	2.0329e-01
7493.59	2.2205e+00	2.0606e-01
7494.36	2.2206e+00	2.0711e-01
7495.14	2.6637e+00	2.0542e-01
7495.91	2.5535e+00	2.0386e-01
7496.69	2.3679e+00	2.0287e-01
7497.46	2.7378e+00	2.0187e-01
7498.24	2.7514e+00	2.0179e-01
7499.01	2.3821e+00	2.0225e-01
7499.79	2.3838e+00	2.0247e-01
7500.56	2.4617e+00	2.0243e-01
7501.34	2.3651e+00	2.0247e-01
7502.11	2.4778e+00	2.0267e-01
7502.89	2.6222e+00	2.0297e-01
7503.66	2.5138e+00	2.0314e-01
7504.44	2.2731e+00	2.0326e-01
7505.21	2.1508e+00	2.0326e-01
7505.99	2.3173e+00	2.0279e-01
7506.76	2.5050e+00	2.0259e-01
7507.53	2.4401e+00	2.0303e-01
7508.31	2.3674e+00	2.0281e-01
7509.08	2.3299e+00	2.0226e-01
7509.86	2.1964e+00	2.0262e-01
7510.63	2.3207e+00	2.0288e-01
7511.41	2.6414e+00	2.0245e-01
7512.18	2.4920e+00	2.0225e-01
7512.96	2.2573e+00	2.0216e-01
7513.73	2.4951e+00	2.0192e-01
7514.51	2.5353e+00	2.0180e-01
7515.28	2.3225e+00	2.0229e-01
7516.06	2.3617e+00	2.0336e-01
7516.83	2.6735e+00	2.0506e-01
7517.61	2.9376e+00	2.0667e-01
7518.38	2.6051e+00	2.0688e-01
7519.16	2.0824e+00	2.0584e-01
7519.93	2.1424e+00	2.0506e-01
7520.71	2.2181e+00	2.0400e-01
7521.48	2.1487e+00	2.0494e-01
7522.26	2.5654e+00	2.0741e-01
7523.03	2.9381e+00	2.1864e-01
7523.81	2.7759e+00	2.3529e-01
7524.58	2.5316e+00	2.4485e-01
7525.36	2.5101e+00	2.4114e-01
7526.13	2.6600e+00	2.2663e-01
7526.91	2.6798e+00	2.1107e-01
7527.68	2.4610e+00	2.0498e-01
7528.46	2.4340e+00	2.0414e-01
7529.23	2.4792e+00	2.0626e-01
7530.01	2.3341e+00	2.0979e-01
7530.78	2.2688e+00	2.1389e-01
7531.56	2.3385e+00	2.1563e-01
7532.33	2.3380e+00	2.1272e-01
7533.10	2.3640e+00	2.0780e-01
7533.88	2.4849e+00	2.0481e-01
7534.65	2.6985e+00	2.0375e-01
7535.43	2.7018e+00	2.0349e-01
7536.20	2.2831e+00	2.0285e-01
7536.98	2.0743e+00	2.0285e-01
7537.75	2.3326e+00	2.0370e-01
7538.53	2.5398e+00	2.0387e-01
7539.30	2.5798e+00	2.0446e-01
7540.08	2.5510e+00	2.0629e-01
7540.85	2.5740e+00	2.0768e-01
7541.63	2.6157e+00	2.0750e-01
7542.40	2.5226e+00	2.0613e-01
7543.18	2.3275e+00	2.0432e-01
7543.95	2.1876e+00	2.0314e-01
7544.73	2.2478e+00	2.0301e-01
7545.50	2.4799e+00	2.0339e-01
7546.28	2.7045e+00	2.0342e-01
7547.05	2.5935e+00	2.0352e-01
7547.83	2.2976e+00	2.0361e-01
7548.60	2.3896e+00	2.0320e-01
7549.38	2.4889e+00	2.0263e-01
7550.15	2.2526e+00	2.0252e-01
7550.93	2.3184e+00	2.0316e-01
7551.70	2.5866e+00	2.0419e-01
7552.48	2.5219e+00	2.0489e-01
7553.25	2.5552e+00	2.0496e-01
7554.03	2.7438e+00	2.0465e-01
7554.80	2.3558e+00	2.0402e-01
7555.58	2.0447e+00	2.0404e-01
7556.35	2.4676e+00	2.0523e-01
7557.13	2.5086e+00	2.0886e-01
7557.90	2.0828e+00	2.1247e-01
7558.68	2.1516e+00	2.1271e-01
7559.45	2.3436e+00	2.0987e-01
7560.22	2.2901e+00	2.0656e-01
7561.00	2.3505e+00	2.0497e-01
7561.77	2.4652e+00	2.0494e-01
7562.55	2.4457e+00	2.0442e-01
7563.32	2.3955e+00	2.0428e-01
7564.10	2.4336e+00	2.0457e-01
7564.87	2.6278e+00	2.0464e-01
7565.65	2.6406e+00	2.0459e-01
7566.42	2.3291e+00	2.0484e-01
7567.20	2.3772e+00	2.0613e-01
7567.97	2.6398e+00	2.0730e-01
7568.75	2.4575e+00	2.0711e-01
7569.52	2.2670e+00	2.0581e-01
7570.30	2.3943e+00	2.0802e-01
7571.07	2.5843e+00	2.1855e-01
7571.85	2.6410e+00	2.3037e-01
7572.62	2.5048e+00	2.3493e-01
7573.40	2.5750e+00	2.2960e-01
7574.17	2.7358e+00	2.1888e-01
7574.95	2.4283e+00	2.1232e-01
7575.72	2.1341e+00	2.0968e-01
7576.50	2.2463e+00	2.0625e-01
7577.27	2.1852e+00	2.0505e-01
7578.05	2.1291e+00	2.0489e-01
7578.82	2.5028e+00	2.0450e-01
7579.60	2.7227e+00	2.0492e-01
7580.37	2.5632e+00	2.0571e-01
7581.15	2.4962e+00	2.0481e-01
7581.92	2.4610e+00	2.0388e-01
7582.70	2.3275e+00	2.0487e-01
7583.47	2.3180e+00	2.0470e-01
7584.25	2.4460e+00	2.0434e-01
7585.02	2.5396e+00	2.0608e-01
7585.79	2.6494e+00	2.1221e-01
7586.57	2.7844e+00	2.1936e-01
7587.34	2.8471e+00	2.2040e-01
7588.12	2.7816e+00	2.1601e-01
7588.89	2.6243e+00	2.1187e-01
7589.67	2.6088e+00	2.0940e-01
7590.44	2.7184e+00	2.0919e-01
7591.22	2.6390e+00	2.1065e-01
7591.99	2.6413e+00	2.1093e-01
7592.77	2.8782e+00	2.1367e-01
7593.54	2.6992e+00	2.1961e-01
7594.32	2.4816e+00	2.3985e-01
7595.09	2.9516e+00	2.7024e-01
7595.87	3.1308e+00	3.0937e-01
7596.64	2.6331e+00	3.4777e-01
7597.42	2.4493e+00	3.6762e-01
7598.19	2.3486e+00	3.7896e-01
7598.97	1.9462e+00	3.9706e-01
7599.74	2.3414e+00	4.2611e-01
7600.52	3.0521e+00	4.5876e-01
7601.29	2.5332e+00	4.7319e-01
7602.07	2.4243e+00	4.9450e-01
7602.84	3.4213e+00	5.3305e-01
7603.62	2.8813e+00	5.5794e-01
7604.39	1.8355e+00	5.6870e-01
7605.17	2.4715e+00	5.7401e-01
7605.94	2.9274e+00	5.7299e-01
7606.72	2.5835e+00	5.6406e-01
7607.49	3.0314e+00	5.4431e-01
7608.27	3.2523e+00	5.2174e-01
7609.04	2.4453e+00	5.0191e-01
7609.82	1.7704e+00	4.8153e-01
7610.59	1.7974e+00	4.5322e-01
7611.36	2.2786e+00	4.2070e-01
7612.14	2.3106e+00	3.9748e-01
7612.91	1.8307e+00	3.8097e-01
7613.69	2.3358e+00	3.5387e-01
7614.46	2.9984e+00	3.2118e-01
7615.24	2.6002e+00	3.0452e-01
7616.01	2.5321e+00	2.9373e-01
7616.79	2.9414e+00	2.7365e-01
7617.56	2.6213e+00	2.5102e-01
7618.34	2.3512e+00	2.3133e-01
7619.11	2.6441e+00	2.2257e-01
7619.89	2.4262e+00	2.2301e-01
7620.66	2.0174e+00	2.3181e-01
7621.44	2.2334e+00	2.4919e-01
7622.21	2.7570e+00	2.6111e-01
7622.99	3.0035e+00	2.7267e-01
7623.76	2.4453e+00	2.9891e-01
7624.54	2.2946e+00	3.1639e-01
7625.31	3.2963e+00	3.1201e-01
7626.09	2.8706e+00	2.8691e-01
7626.86	1.7436e+00	2.8109e-01
7627.64	2.6668e+00	3.2437e-01
7628.41	3.5155e+00	3.5852e-01
7629.19	2.9548e+00	3.5328e-01
7629.96	3.2301e+00	3.1773e-01
7630.74	3.4790e+00	2.9182e-01
7631.51	2.3947e+00	3.1314e-01
7632.29	1.7383e+00	3.3772e-01
7633.06	2.1747e+00	3.3239e-01
7633.84	2.7770e+00	2.9980e-01
7634.61	2.8185e+00	2.7125e-01
7635.39	2.2161e+00	2.8349e-01
7636.16	2.0104e+00	3.2016e-01
7636.94	2.1700e+00	3.3422e-01
7637.71	1.9388e+00	3.0283e-01
7638.48	1.9974e+00	2.6026e-01
7639.26	2.4533e+00	2.5920e-01
7640.03	2.5478e+00	2.8957e-01
7640.81	2.3813e+00	3.1088e-01
7641.58	2.3441e+00	3.0110e-01
7642.36	2.2705e+00	2.7326e-01
7643.13	2.2084e+00	2.5103e-01
7643.91	2.3008e+00	2.4931e-01
7644.68	2.3326e+00	2.7298e-01
7645.46	2.2276e+00	2.9355e-01
7646.23	2.2023e+00	2.8496e-01
7647.01	2.3825e+00	2.5350e-01
7647.78	2.6712e+00	2.3348e-01
7648.56	2.7850e+00	2.3656e-01
7649.33	2.5737e+00	2.5370e-01
7650.11	2.1314e+00	2.7220e-01
7650.88	1.9813e+00	2.7157e-01
7651.66	2.3035e+00	2.4982e-01
7652.43	2.1567e+00	2.3013e-01
7653.21	1.9226e+00	2.3112e-01
7653.98	2.6393e+00	2.4081e-01
7654.76	2.7563e+00	2.5537e-01
7655.53	1.9522e+00	2.6190e-01
7656.31	2.2703e+00	2.4988e-01
7657.08	2.8135e+00	2.2745e-01
7657.86	2.2227e+00	2.1614e-01
7658.63	2.1130e+00	2.1660e-01
7659.41	2.6907e+00	2.2581e-01
7660.18	2.7382e+00	2.4134e-01
7660.96	2.5238e+00	2.4761e-01
7661.73	2.4712e+00	2.4016e-01
7662.51	2.5639e+00	2.2975e-01
7663.28	2.5184e+00	2.2344e-01
7664.05	2.0749e+00	2.2061e-01
7664.83	2.1361e+00	2.2555e-01
7665.60	2.6204e+00	2.3281e-01
7666.38	2.1803e+00	2.3644e-01
7667.15	1.8874e+00	2.3120e-01
7667.93	2.6671e+00	2.1922e-01
7668.70	2.7857e+00	2.0878e-01
7669.48	2.2886e+00	2.0713e-01
7670.25	2.5067e+00	2.1103e-01
7671.03	2.6635e+00	2.1936e-01
7671.80	2.3697e+00	2.2566e-01
7672.58	2.4737e+00	2.2426e-01
7673.35	2.7221e+00	2.1690e-01
7674.13	2.5897e+00	2.1086e-01
7674.90	2.4724e+00	2.0691e-01
7675.68	2.4616e+00	2.0689e-01
7676.45	2.2965e+00	2.1168e-01
7677.23	2.1645e+00	2.1679e-01
7678.00	2.2144e+00	2.1809e-01
7678.78	2.3258e+00	2.1557e-01
7679.55	2.4091e+00	2.1124e-01
7680.33	2.4627e+00	2.0825e-01
7681.10	2.3325e+00	2.0732e-01
7681.88	2.1721e+00	2.0849e-01
7682.65	2.3906e+00	2.1233e-01
7683.43	2.6180e+00	2.1545e-01
7684.20	2.4599e+00	2.1555e-01
7684.98	2.4437e+00	2.1434e-01
7685.75	2.5991e+00	2.1311e-01
7686.53	2.5328e+00	2.1153e-01
7687.30	2.4210e+00	2.1123e-01
7688.08	2.4185e+00	2.1201e-01
7688.85	2.4755e+00	2.1040e-01
7689.63	2.4274e+00	2.0986e-01
7690.40	2.1960e+00	2.1414e-01
7691.17	2.1266e+00	2.1471e-01
7691.95	2.2631e+00	2.1080e-01
7692.72	2.1904e+00	2.1099e-01
7693.50	2.3520e+00	2.1211e-01
7694.27	2.8762e+00	2.1014e-01
7695.05	2.5978e+00	2.0892e-01
7695.82	2.0339e+00	2.0880e-01
7696.60	2.4414e+00	2.0821e-01
7697.37	2.6261e+00	2.0802e-01
7698.15	2.0771e+00	2.0889e-01
7698.92	1.9309e+00	2.1036e-01
7699.70	2.1167e+00	2.1216e-01
7700.47	2.1670e+00	2.1368e-01
7701.25	2.3035e+00	2.1279e-01
7702.02	2.4141e+00	2.1081e-01
7702.80	2.2224e+00	2.1090e-01
7703.57	2.1791e+00	2.1197e-01
7704.35	2.4459e+00	2.1197e-01
7705.12	2.3525e+00	2.0981e-01
7705.90	2.0614e+00	2.0858e-01
7706.67	2.0971e+00	2.1134e-01
7707.45	2.1206e+00	2.1301e-01
7708.22	2.0998e+00	2.1138e-01
7709.00	2.3845e+00	2.1002e-01
7709.77	2.7170e+00	2.0847e-01
7710.55	2.7894e+00	2.1022e-01
7711.32	2.4518e+00	2.2363e-01
7712.10	2.2287e+00	2.4496e-01
7712.87	2.6763e+00	2.6346e-01
7713.65	3.1375e+00	2.6500e-01
7714.42	3.0948e+00	2.5203e-01
7715.20	2.8869e+00	2.4093e-01
7715.97	2.7760e+00	2.4682e-01
7716.74	2.8598e+00	2.6275e-01
7717.52	2.8295e+00	2.7271e-01
7718.29	2.6469e+00	2.6656e-01
7719.07	2.6132e+00	2.4880e-01
7719.84	2.6646e+00	2.2808e-01
7720.62	2.6326e+00	2.1583e-01
7721.39	2.3797e+00	2.1156e-01
7722.17	2.1308e+00	2.1177e-01
7722.94	2.2012e+00	2.1432e-01
7723.72	2.4305e+00	2.1762e-01
7724.49	2.6339e+00	2.2094e-01
7725.27	2.8933e+00	2.2432e-01
7726.04	2.8779e+00	2.2694e-01
7726.82	2.5180e+00	2.2760e-01
7727.59	2.5005e+00	2.2393e-01
7728.37	2.7480e+00	2.1741e-01
7729.14	2.6117e+00	2.1233e-01
7729.92	2.4005e+00	2.1062e-01
7730.69	2.4009e+00	2.1093e-01
7731.47	2.4712e+00	2.1156e-01
7732.24	2.4845e+00	2.1127e-01
7733.02	2.3843e+00	2.1093e-01
7733.79	2.3458e+00	2.1165e-01
7734.57	2.3918e+00	2.1358e-01
7735.34	2.2992e+00	2.1538e-01
7736.12	2.3909e+00	2.1587e-01
7736.89	2.7334e+00	2.1494e-01
7737.67	2.6507e+00	2.1375e-01
7738.44	2.2703e+00	2.1273e-01
7739.22	2.1961e+00	2.1145e-01
7739.99	2.2245e+00	2.1155e-01
7740.77	2.2233e+00	2.1257e-01
7741.54	2.3841e+00	2.1214e-01
7742.31	2.5327e+00	2.1097e-01
7743.09	2.5010e+00	2.1077e-01
7743.86	2.2776e+00	2.0987e-01
7744.64	2.1085e+00	2.0904e-01
7745.41	2.2151e+00	2.1048e-01
7746.19	2.5122e+00	2.1197e-01
7746.96	2.6868e+00	2.1305e-01
7747.74	2.5397e+00	2.1167e-01
7748.51	2.1458e+00	2.1700e-01
7749.29	1.8306e+00	2.3251e-01
7750.06	1.9784e+00	2.6685e-01
7750.84	2.4940e+00	2.9730e-01
7751.61	2.8878e+00	3.0118e-01
7752.39	2.8826e+00	2.7806e-01
7753.16	2.5885e+00	2.4272e-01
7753.94	2.2717e+00	2.1652e-01
7754.71	2.1648e+00	2.1242e-01
7755.49	2.2037e+00	2.1136e-01
7756.26	2.4093e+00	2.1274e-01
7757.04	2.5875e+00	2.1430e-01
7757.81	2.5005e+00	2.1350e-01
7758.59	2.2837e+00	2.1733e-01
7759.36	2.2281e+00	2.2903e-01
7760.14	2.3609e+00	2.4210e-01
7760.91	2.5694e+00	2.4682e-01
7761.69	2.6896e+00	2.3829e-01
7762.46	2.6537e+00	2.2317e-01
7763.24	2.5475e+00	2.1326e-01
7764.01	2.5367e+00	2.1062e-01
7764.79	2.5660e+00	2.1210e-01
7765.56	2.4745e+00	2.1217e-01
7766.34	2.2839e+00	2.1227e-01
7767.11	2.0868e+00	2.1283e-01
7767.89	1.9734e+00	2.1244e-01
7768.66	2.0246e+00	2.1226e-01
7769.43	2.1789e+00	2.1353e-01
7770.21	2.1679e+00	2.1358e-01
7770.98	2.0870e+00	2.1429e-01
7771.76	2.2351e+00	2.1800e-01
7772.53	2.4216e+00	2.2494e-01
7773.31	2.4210e+00	2.3156e-01
7774.08	2.1308e+00	2.3359e-01
7774.86	1.9717e+00	2.3027e-01
7775.63	2.2758e+00	2.2456e-01
7776.41	2.6079e+00	2.1825e-01
7777.18	2.6248e+00	2.1375e-01
7777.96	2.3527e+00	2.1163e-01
7778.73	2.2995e+00	2.1351e-01
7779.51	2.6550e+00	2.1912e-01
7780.28	2.6647e+00	2.2999e-01
7781.06	2.3565e+00	2.3738e-01
7781.83	2.2414e+00	2.3446e-01
7782.61	2.4356e+00	2.2511e-01
7783.38	2.6653e+00	2.1688e-01
7784.16	2.3838e+00	2.1295e-01
7784.93	2.0887e+00	2.1381e-01
7785.71	2.3294e+00	2.1526e-01
7786.48	2.4784e+00	2.1581e-01
7787.26	2.3751e+00	2.1491e-01
7788.03	2.3747e+00	2.1449e-01
7788.81	2.3473e+00	2.1466e-01
7789.58	2.2677e+00	2.1545e-01
7790.36	2.3016e+00	2.1709e-01
7791.13	2.4714e+00	2.1789e-01
7791.91	2.6862e+00	2.1873e-01
7792.68	2.7485e+00	2.2838e-01
7793.46	2.8045e+00	2.4994e-01
7794.23	3.2075e+00	2.7664e-01
7795.00	3.5318e+00	2.8571e-01
7795.78	3.3526e+00	2.6898e-01
7796.55	2.8705e+00	2.4091e-01
7797.33	2.3902e+00	2.1914e-01
7798.10	2.1325e+00	2.1172e-01
7798.88	2.1762e+00	2.1390e-01
7799.65	2.3649e+00	2.1268e-01
7800.43	2.5599e+00	2.1358e-01
7801.20	2.6634e+00	2.1381e-01
7801.98	2.6939e+00	2.1279e-01
7802.75	2.5497e+00	2.1227e-01
7803.53	2.3418e+00	2.1266e-01
7804.30	2.2633e+00	2.1284e-01
7805.08	2.2637e+00	2.1262e-01
7805.85	2.2174e+00	2.1369e-01
7806.63	2.0999e+00	2.1485e-01
7807.40	2.0110e+00	2.2251e-01
7808.18	2.0691e+00	2.3693e-01
7808.95	2.3230e+00	2.4659e-01
7809.73	2.6008e+00	2.4490e-01
7810.50	2.7108e+00	2.3321e-01
7811.28	2.4606e+00	2.2077e-01
7812.05	2.0319e+00	2.1727e-01
7812.83	2.2309e+00	2.1668e-01
7813.60	2.6748e+00	2.1569e-01
7814.38	2.3480e+00	2.1692e-01
7815.15	2.1079e+00	2.1770e-01
7815.93	2.4183e+00	2.1692e-01
7816.70	2.4845e+00	2.1635e-01
7817.48	2.2962e+00	2.1565e-01
7818.25	2.1879e+00	2.1627e-01
7819.03	2.1830e+00	2.1414e-01
7819.80	2.3030e+00	2.2220e-01
7820.58	2.5196e+00	2.4656e-01
7821.35	2.5588e+00	2.7709e-01
7822.12	2.3392e+00	2.9603e-01
7822.90	2.1393e+00	2.8726e-01
7823.67	2.1095e+00	2.5648e-01
7824.45	2.1825e+00	2.2847e-01
7825.22	2.3079e+00	2.1517e-01
7826.00	2.3841e+00	2.1401e-01
7826.77	2.3721e+00	2.1531e-01
7827.55	2.3369e+00	2.1510e-01
7828.32	2.3523e+00	2.1628e-01
7829.10	2.4814e+00	2.1728e-01
7829.87	2.5042e+00	2.1726e-01
7830.65	2.1261e+00	2.1626e-01
7831.42	2.0636e+00	2.1504e-01
7832.20	2.4309e+00	2.1443e-01
7832.97	2.0637e+00	2.1460e-01
7833.75	1.4995e+00	2.1490e-01
7834.52	1.7261e+00	2.1459e-01
7835.30	2.0299e+00	2.1486e-01
7836.07	2.0460e+00	2.1522e-01
7836.85	2.0381e+00	2.1377e-01
7837.62	2.2614e+00	2.1271e-01
7838.40	2.6741e+00	2.1446e-01
7839.17	2.5040e+00	2.1396e-01
7839.95	2.0710e+00	2.1738e-01
7840.72	2.1876e+00	2.2935e-01
7841.50	2.3756e+00	2.4074e-01
7842.27	2.2854e+00	2.4334e-01
7843.05	2.1827e+00	2.3546e-01
7843.82	2.1821e+00	2.2299e-01
7844.60	2.2924e+00	2.1573e-01
7845.37	2.1619e+00	2.1450e-01
7846.15	1.9873e+00	2.1562e-01
7846.92	2.3207e+00	2.1605e-01
7847.69	2.4682e+00	2.1592e-01
7848.47	2.1265e+00	2.1760e-01
7849.24	2.3206e+00	2.2279e-01
7850.02	2.6114e+00	2.2715e-01
7850.79	2.1749e+00	2.2836e-01
7851.57	2.1444e+00	2.3001e-01
7852.34	2.6534e+00	2.4486e-01
7853.12	2.5476e+00	2.7664e-01
7853.89	2.2283e+00	2.9717e-01
7854.67	2.2753e+00	2.9091e-01
7855.44	2.3375e+00	2.6249e-01
7856.22	2.2386e+00	2.2908e-01
7856.99	2.0076e+00	2.1693e-01
7857.77	1.9889e+00	2.2131e-01
7858.54	2.1923e+00	2.2335e-01
7859.32	1.9989e+00	2.2854e-01
7860.09	1.8808e+00	2.3662e-01
7860.87	2.3525e+00	2.4601e-01
7861.64	2.5809e+00	2.4767e-01
7862.42	2.3966e+00	2.3929e-01
7863.19	2.4073e+00	2.2636e-01
7863.97	2.3714e+00	2.1703e-01
7864.74	2.1183e+00	2.1602e-01
7865.52	1.8202e+00	2.1717e-01
7866.29	1.8126e+00	2.1947e-01
7867.07	2.2040e+00	2.2546e-01
7867.84	2.5629e+00	2.3054e-01
7868.62	2.4949e+00	2.3407e-01
7869.39	2.0786e+00	2.3569e-01
7870.17	1.6658e+00	2.4347e-01
7870.94	1.6145e+00	2.5618e-01
7871.72	1.9528e+00	2.5788e-01
7872.49	2.3773e+00	2.4516e-01
7873.26	2.5629e+00	2.2773e-01
7874.04	2.4161e+00	2.1578e-01
7874.81	2.2194e+00	2.1398e-01
7875.59	2.4195e+00	2.1465e-01
7876.36	2.6517e+00	2.1449e-01
7877.14	2.3942e+00	2.1604e-01
7877.91	2.3460e+00	2.2325e-01
7878.69	2.5821e+00	2.3320e-01
7879.46	2.5077e+00	2.3854e-01
7880.24	2.2223e+00	2.3782e-01
7881.01	2.0454e+00	2.3447e-01
7881.79	2.2058e+00	2.3521e-01
7882.56	2.4662e+00	2.3699e-01
7883.34	2.3987e+00	2.3232e-01
7884.11	2.4157e+00	2.2556e-01
7884.89	2.5858e+00	2.2169e-01
7885.66	2.3253e+00	2.2085e-01
7886.44	2.0790e+00	2.2271e-01
7887.21	2.2903e+00	2.2683e-01
7887.99	2.3387e+00	2.3002e-01
7888.76	2.1178e+00	2.3923e-01
7889.54	2.0335e+00	2.5864e-01
7890.31	2.1177e+00	2.7080e-01
7891.09	2.2282e+00	2.6608e-01
7891.86	2.1544e+00	2.4917e-01
7892.64	1.9836e+00	2.3015e-01
7893.41	1.9442e+00	2.2054e-01
7894.19	1.9991e+00	2.1944e-01
7894.96	2.0340e+00	2.1905e-01
7895.74	1.9185e+00	2.1914e-01
7896.51	1.9449e+00	2.1858e-01
7897.29	2.2510e+00	2.1869e-01
7898.06	2.3036e+00	2.1894e-01
7898.84	2.1884e+00	2.1964e-01
7899.61	2.3551e+00	2.2082e-01
7900.38	2.3964e+00	2.2285e-01
7901.16	2.2820e+00	2.2429e-01
7901.93	2.6166e+00	2.2206e-01
7902.71	2.9892e+00	2.1935e-01
7903.48	2.8506e+00	2.2011e-01
7904.26	2.5203e+00	2.2098e-01
7905.03	2.2946e+00	2.2083e-01
7905.81	2.2383e+00	2.2158e-01
7906.58	2.2049e+00	2.2186e-01
7907.36	2.0870e+00	2.2148e-01
7908.13	2.1695e+00	2.2252e-01
7908.91	2.3237e+00	2.2451e-01
7909.68	2.2922e+00	2.2661e-01
7910.46	2.2221e+00	2.2506e-01
7911.23	2.1361e+00	2.2749e-01
7912.01	1.8775e+00	2.3636e-01
7912.78	1.6646e+00	2.6572e-01
7913.56	1.7251e+00	3.0164e-01
7914.33	2.1310e+00	3.1909e-01
7915.11	2.5520e+00	3.0716e-01
7915.88	2.5936e+00	2.7004e-01
7916.66	2.4320e+00	2.3180e-01
7917.43	2.3352e+00	2.2216e-01
7918.21	2.2131e+00	2.2357e-01
7918.98	2.1757e+00	2.2703e-01
7919.76	2.2782e+00	2.3314e-01
7920.53	2.1646e+00	2.4785e-01
7921.31	2.0595e+00	2.6246e-01
7922.08	2.5772e+00	2.6487e-01
7922.86	2.9741e+00	2.5265e-01
7923.63	2.6809e+00	2.3318e-01
7924.41	2.2507e+00	2.2091e-01
7925.18	2.0799e+00	2.1966e-01
7925.95	2.2123e+00	2.1803e-01
7926.73	2.1847e+00	2.1765e-01
7927.50	1.9063e+00	2.1817e-01
7928.28	1.9188e+00	2.1878e-01
7929.05	2.2216e+00	2.2007e-01
7929.83	2.5033e+00	2.2399e-01
7930.60	2.3665e+00	2.3579e-01
7931.38	2.0209e+00	2.4853e-01
7932.15	2.0409e+00	2.5254e-01
7932.93	2.2573e+00	2.4561e-01
7933.70	2.4206e+00	2.3289e-01
7934.48	2.7672e+00	2.2346e-01
7935.25	2.8220e+00	2.2095e-01
7936.03	2.2727e+00	2.2027e-01
7936.80	2.2119e+00	2.1985e-01
7937.58	2.7145e+00	2.1870e-01
7938.35	2.6873e+00	2.2007e-01
7939.13	2.3430e+00	2.2112e-01
7939.90	2.1753e+00	2.2001e-01
7940.68	2.0646e+00	2.1972e-01
7941.45	2.0607e+00	2.2048e-01
7942.23	2.1898e+00	2.2047e-01
7943.00	2.2798e+00	2.2087e-01
7943.78	2.2412e+00	2.2176e-01
7944.55	2.1937e+00	2.2140e-01
7945.33	2.1578e+00	2.2089e-01
7946.10	2.1362e+00	2.2207e-01
7946.88	2.2264e+00	2.2181e-01
7947.65	2.3764e+00	2.2347e-01
7948.43	2.4485e+00	2.3083e-01
7949.20	2.3954e+00	2.4008e-01
7949.98	2.2717e+00	2.4454e-01
7950.75	2.2188e+00	2.3953e-01
7951.53	2.1422e+00	2.2877e-01
7952.30	1.9167e+00	2.2137e-01
7953.07	1.9888e+00	2.1931e-01
7953.85	2.3406e+00	2.1970e-01
7954.62	2.4261e+00	2.1932e-01
7955.40	2.3945e+00	2.1853e-01
7956.17	2.5023e+00	2.1909e-01
7956.95	2.4413e+00	2.1907e-01
7957.72	2.3546e+00	2.1855e-01
7958.50	2.5639e+00	2.1880e-01
7959.27	2.4759e+00	2.1920e-01
7960.05	2.0194e+00	2.1937e-01
7960.82	2.0585e+00	2.1960e-01
7961.60	2.3402e+00	2.1908e-01
7962.37	2.2655e+00	2.2154e-01
7963.15	1.8769e+00	2.3860e-01
7963.92	1.4785e+00	2.6887e-01
7964.70	1.2530e+00	2.9936e-01
7965.47	1.9801e+00	3.0750e-01
7966.25	3.3174e+00	2.8759e-01
7967.02	3.3763e+00	2.5436e-01
7967.80	2.4846e+00	2.2868e-01
7968.57	2.2269e+00	2.2265e-01
7969.35	2.4420e+00	2.2675e-01
7970.12	2.6246e+00	2.2400e-01
7970.90	2.3572e+00	2.2152e-01
7971.67	2.0810e+00	2.1911e-01
7972.45	2.2679e+00	2.1843e-01
7973.22	2.3176e+00	2.1889e-01
7974.00	2.1060e+00	2.1955e-01
7974.77	2.0132e+00	2.2014e-01
7975.55	1.8719e+00	2.2118e-01
7976.32	1.7283e+00	2.2423e-01
7977.10	2.0095e+00	2.2930e-01
7977.87	2.4031e+00	2.3483e-01
7978.64	2.4321e+00	2.3859e-01
7979.42	2.2480e+00	2.4724e-01
7980.19	2.0960e+00	2.5539e-01
7980.97	2.0127e+00	2.5183e-01
7981.74	2.2286e+00	2.3963e-01
7982.52	2.6110e+00	2.2808e-01
7983.29	2.4595e+00	2.2185e-01
7984.07	2.1123e+00	2.2110e-01
7984.84	2.3704e+00	2.2087e-01
7985.62	2.3279e+00	2.2126e-01
7986.39	1.8226e+00	2.2152e-01
7987.17	2.0289e+00	2.2081e-01
7987.94	2.3188e+00	2.2057e-01
7988.72	1.9275e+00	2.2207e-01
7989.49	1.9209e+00	2.2220e-01
7990.27	2.2596e+00	2.2103e-01
7991.04	2.0638e+00	2.1944e-01
7991.82	1.8017e+00	2.3127e-01
7992.59	1.9268e+00	2.5785e-01
7993.37	2.1381e+00	2.9164e-01
7994.14	2.3855e+00	3.0614e-01
7994.92	2.6379e+00	2.8836e-01
7995.69	2.7981e+00	2.5427e-01
7996.47	2.7462e+00	2.2852e-01
7997.24	2.3246e+00	2.2009e-01
7998.02	2.1617e+00	2.2425e-01
7998.79	2.5287e+00	2.2358e-01
7999.57	2.4814e+00	2.2299e-01
8000.34	2.0951e+00	2.2248e-01
8001.12	2.1383e+00	2.2298e-01
8001.89	2.2141e+00	2.2379e-01
8002.67	2.0871e+00	2.2416e-01
8003.44	2.1496e+00	2.2408e-01
8004.21	2.1448e+00	2.2369e-01
8004.99	1.8578e+00	2.2327e-01
8005.76	2.0250e+00	2.2309e-01
8006.54	2.4649e+00	2.2287e-01
8007.31	2.3057e+00	2.2223e-01
8008.09	2.0208e+00	2.2135e-01
8008.86	2.0941e+00	2.2084e-01
8009.64	2.1000e+00	2.2166e-01
8010.41	2.0997e+00	2.2261e-01
8011.19	2.2761e+00	2.2273e-01
8011.96	2.2346e+00	2.2139e-01
8012.74	1.9356e+00	2.2323e-01
8013.51	1.8100e+00	2.3292e-01
8014.29	1.8084e+00	2.4322e-01
8015.06	1.7708e+00	2.4596e-01
8015.84	1.8009e+00	2.3882e-01
8016.61	1.9162e+00	2.2703e-01
8017.39	2.0797e+00	2.2056e-01
8018.16	2.1236e+00	2.1993e-01
8018.94	2.0578e+00	2.2101e-01
8019.71	2.1836e+00	2.2426e-01
8020.49	2.2547e+00	2.2650e-01
8021.26	1.9886e+00	2.2662e-01
8022.04	2.0369e+00	2.2442e-01
8022.81	2.3107e+00	2.2285e-01
8023.59	2.0455e+00	2.2193e-01
8024.36	1.8028e+00	2.3291e-01
8025.14	2.0463e+00	2.5431e-01
8025.91	2.1206e+00	2.7663e-01
8026.69	2.1068e+00	2.8423e-01
8027.46	2.3908e+00	2.7044e-01
8028.24	2.4305e+00	2.4846e-01
8029.01	2.1118e+00	2.3518e-01
8029.79	1.9541e+00	2.2999e-01
8030.56	1.9787e+00	2.2942e-01
8031.33	2.0051e+00	2.2672e-01
8032.11	2.2262e+00	2.2556e-01
8032.88	2.3834e+00	2.2495e-01
8033.66	2.1323e+00	2.2305e-01
8034.43	1.8284e+00	2.2173e-01
8035.21	1.7970e+00	2.2178e-01
8035.98	1.8496e+00	2.2100e-01
8036.76	1.9090e+00	2.1964e-01
8037.53	1.9498e+00	2.1922e-01
8038.31	2.0216e+00	2.1914e-01
8039.08	2.1040e+00	2.1923e-01
8039.86	2.0989e+00	2.1993e-01
8040.63	2.0489e+00	2.2097e-01
8041.41	2.0295e+00	2.2184e-01
8042.18	2.0088e+00	2.2164e-01
8042.96	2.0222e+00	2.2126e-01
8043.73	2.0829e+00	2.2208e-01
8044.51	2.2288e+00	2.2258e-01
8045.28	2.3400e+00	2.2250e-01
8046.06	2.1577e+00	2.2407e-01
8046.83	1.9626e+00	2.2509e-01
8047.61	2.0662e+00	2.2374e-01
8048.38	2.2382e+00	2.2353e-01
8049.16	2.2892e+00	2.2523e-01
8049.93	2.2337e+00	2.2565e-01
8050.71	2.1273e+00	2.2838e-01
8051.48	2.1118e+00	2.3405e-01
8052.26	2.4106e+00	2.3880e-01
8053.03	2.5949e+00	2.3877e-01
8053.81	2.2290e+00	2.3357e-01
8054.58	1.9470e+00	2.2664e-01
8055.36	2.0272e+00	2.2234e-01
8056.13	2.0126e+00	2.2183e-01
8056.90	2.0395e+00	2.2229e-01
8057.68	2.2120e+00	2.2080e-01
8058.45	2.2008e+00	2.2078e-01
8059.23	2.0572e+00	2.2168e-01
8060.00	2.0268e+00	2.2073e-01
8060.78	2.2935e+00	2.2572e-01
8061.55	2.6203e+00	2.3795e-01
8062.33	2.2629e+00	2.5101e-01
8063.10	1.9689e+00	2.5429e-01
8063.88	2.5446e+00	2.4437e-01
8064.65	2.5514e+00	2.3062e-01
8065.43	2.0099e+00	2.2305e-01
8066.20	2.3918e+00	2.2140e-01
8066.98	2.6073e+00	2.2331e-01
8067.75	1.9340e+00	2.2363e-01
8068.53	1.7422e+00	2.2261e-01
8069.30	1.9585e+00	2.2136e-01
8070.08	1.8053e+00	2.2203e-01
8070.85	1.7530e+00	2.2237e-01
8071.63	2.0183e+00	2.2168e-01
8072.40	2.3031e+00	2.2204e-01
8073.18	2.4955e+00	2.2300e-01
8073.95	2.5685e+00	2.2357e-01
8074.73	2.4746e+00	2.2389e-01
8075.50	2.3439e+00	2.2417e-01
8076.28	2.2987e+00	2.2434e-01
8077.05	2.3477e+00	2.2500e-01
8077.83	2.3474e+00	2.2575e-01
8078.60	2.1244e+00	2.2514e-01
8079.38	1.8609e+00	2.2369e-01
8080.15	1.8386e+00	2.2288e-01
8080.93	2.0401e+00	2.2305e-01
8081.70	2.2785e+00	2.2373e-01
8082.48	2.3346e+00	2.2410e-01
8083.25	2.3955e+00	2.2395e-01
8084.02	2.5652e+00	2.2368e-01
8084.80	2.3867e+00	2.2434e-01
8085.57	2.0225e+00	2.2480e-01
8086.35	1.9207e+00	2.2345e-01
8087.12	2.0266e+00	2.2196e-01
8087.90	2.1530e+00	2.2132e-01
8088.67	2.1887e+00	2.2056e-01
8089.45	2.1997e+00	2.1982e-01
8090.22	2.2851e+00	2.1984e-01
8091.00	2.2368e+00	2.2150e-01
8091.77	2.0678e+00	2.2456e-01
8092.55	1.9608e+00	2.2713e-01
8093.32	1.9764e+00	2.3041e-01
8094.10	2.0504e+00	2.3388e-01
8094.87	1.9961e+00	2.3383e-01
8095.65	1.9643e+00	2.3109e-01
8096.42	2.1579e+00	2.2884e-01
8097.20	2.3177e+00	2.2661e-01
8097.97	2.3046e+00	2.2485e-01
8098.75	2.2668e+00	2.2516e-01
8099.52	2.1385e+00	2.2574e-01
8100.30	1.9601e+00	2.2578e-01
8101.07	1.9649e+00	2.2796e-01
8101.85	2.1897e+00	2.3267e-01
8102.62	2.4520e+00	2.3752e-01
8103.40	2.5116e+00	2.3835e-01
8104.17	2.3169e+00	2.3425e-01
8104.95	2.0328e+00	2.2861e-01
8105.72	1.9378e+00	2.2466e-01
8106.50	2.1008e+00	2.2328e-01
8107.27	2.2379e+00	2.2246e-01
8108.05	2.1725e+00	2.2106e-01
8108.82	2.0469e+00	2.2128e-01
8109.59	1.9134e+00	2.2156e-01
8110.37	1.8747e+00	2.2123e-01
8111.14	2.1087e+00	2.2298e-01
8111.92	2.3236e+00	2.2438e-01
8112.69	2.1873e+00	2.2222e-01
8113.47	2.0448e+00	2.2283e-01
8114.24	2.1411e+00	2.2642e-01
8115.02	2.3519e+00	2.2529e-01
8115.79	2.4022e+00	2.2262e-01
8116.57	2.1776e+00	2.2327e-01
8117.34	2.0544e+00	2.2456e-01
8118.12	2.0972e+00	2.2516e-01
8118.89	2.0553e+00	2.2519e-01
8119.67	2.0999e+00	2.2528e-01
8120.44	2.2226e+00	2.2580e-01
8121.22	2.1136e+00	2.2486e-01
8121.99	1.9426e+00	2.2528e-01
8122.77	1.9869e+00	2.2898e-01
8123.54	2.1196e+00	2.3101e-01
8124.32	2.1784e+00	2.2973e-01
8125.09	2.1163e+00	2.2831e-01
8125.87	2.0078e+00	2.2617e-01
8126.64	1.9670e+00	2.2333e-01
8127.42	1.9671e+00	2.2278e-01
8128.19	2.0028e+00	2.2322e-01
8128.97	2.0731e+00	2.2189e-01
8129.74	2.0743e+00	2.2363e-01
8130.52	2.0836e+00	2.2869e-01
8131.29	2.4389e+00	2.3140e-01
8132.07	2.5281e+00	2.3073e-01
8132.84	1.9817e+00	2.2941e-01
8133.62	1.7969e+00	2.3168e-01
8134.39	2.1358e+00	2.3710e-01
8135.16	2.3084e+00	2.4069e-01
8135.94	2.2971e+00	2.3971e-01
8136.71	2.2508e+00	2.3517e-01
8137.49	2.3744e+00	2.3098e-01
8138.26	2.4555e+00	2.2956e-01
8139.04	2.2345e+00	2.3012e-01
8139.81	1.9434e+00	2.3341e-01
8140.59	1.8661e+00	2.3775e-01
8141.36	2.0892e+00	2.4130e-01
8142.14	2.3156e+00	2.4177e-01
8142.91	2.2943e+00	2.3941e-01
8143.69	2.3217e+00	2.3643e-01
8144.46	2.3899e+00	2.3479e-01
8145.24	2.3124e+00	2.3436e-01
8146.01	2.2144e+00	2.3632e-01
8146.79	2.1793e+00	2.4047e-01
8147.56	2.1393e+00	2.4549e-01
8148.34	2.1274e+00	2.4906e-01
8149.11	2.1607e+00	2.4957e-01
8149.89	2.2112e+00	2.4677e-01
8150.66	2.1976e+00	2.4130e-01
8151.44	2.0968e+00	2.3442e-01
8152.21	1.9293e+00	2.3078e-01
8152.99	1.8306e+00	2.3294e-01
8153.76	2.0861e+00	2.4006e-01
8154.54	2.3429e+00	2.4607e-01
8155.31	2.1720e+00	2.4695e-01
8156.09	1.7779e+00	2.3951e-01
8156.86	1.5801e+00	2.2939e-01
8157.64	1.7794e+00	2.2791e-01
8158.41	2.1831e+00	2.3214e-01
8159.19	2.3817e+00	2.3383e-01
8159.96	2.2231e+00	2.3051e-01
8160.74	1.8658e+00	2.3019e-01
8161.51	1.6500e+00	2.4099e-01
8162.28	1.6657e+00	2.5528e-01
8163.06	1.8047e+00	2.6361e-01
8163.83	1.8991e+00	2.6242e-01
8164.61	1.9584e+00	2.5640e-01
8165.38	2.0801e+00	2.5307e-01
8166.16	2.0188e+00	2.4622e-01
8166.93	1.8929e+00	2.3611e-01
8167.71	2.0606e+00	2.3000e-01
8168.48	2.1575e+00	2.3438e-01
8169.26	2.0018e+00	2.4537e-01
8170.03	2.3077e+00	2.5567e-01
8170.81	2.6457e+00	2.5612e-01
8171.58	2.2708e+00	2.4545e-01
8172.36	2.0036e+00	2.3194e-01
8173.13	2.1908e+00	2.2500e-01
8173.91	2.2049e+00	2.2423e-01
8174.68	2.0607e+00	2.2409e-01
8175.46	1.9722e+00	2.2218e-01
8176.23	2.2114e+00	2.2630e-01
8177.01	2.4363e+00	2.4145e-01
8177.78	2.0997e+00	2.6190e-01
8178.56	1.7073e+00	2.7104e-01
8179.33	1.7198e+00	2.6373e-01
8180.11	1.9364e+00	2.4981e-01
8180.88	2.0728e+00	2.3865e-01
8181.66	1.9559e+00	2.3403e-01
8182.43	1.9548e+00	2.3677e-01
8183.21	2.1010e+00	2.3864e-01
8183.98	1.9576e+00	2.3440e-01
8184.76	1.9297e+00	2.2857e-01
8185.53	2.2159e+00	2.2854e-01
8186.31	2.0684e+00	2.3183e-01
8187.08	1.7094e+00	2.3578e-01
8187.85	1.8152e+00	2.3817e-01
8188.63	2.0533e+00	2.4160e-01
8189.40	2.1365e+00	2.4538e-01
8190.18	2.2466e+00	2.4509e-01
8190.95	2.2040e+00	2.3982e-01
8191.73	1.9639e+00	2.3300e-01
8192.50	1.9901e+00	2.3280e-01
8193.28	2.2337e+00	2.3798e-01
8194.05	2.1887e+00	2.4024e-01
8194.83	2.2214e+00	2.3712e-01
8195.60	2.4854e+00	2.3176e-01
8196.38	2.4698e+00	2.2843e-01
8197.15	2.1931e+00	2.3261e-01
8197.93	1.9633e+00	2.4223e-01
8198.70	2.1298e+00	2.4800e-01
8199.48	2.4197e+00	2.4667e-01
8200.25	2.0630e+00	2.4370e-01
8201.03	1.7575e+00	2.4088e-01
8201.80	2.1071e+00	2.3800e-01
8202.58	2.1552e+00	2.3159e-01
8203.35	1.9131e+00	2.2464e-01
8204.13	2.0114e+00	2.2416e-01
8204.90	2.2485e+00	2.2621e-01
8205.68	2.3689e+00	2.2623e-01
8206.45	2.3625e+00	2.2587e-01
8207.23	2.2308e+00	2.2592e-01
8208.00	2.0708e+00	2.2696e-01
8208.78	2.0111e+00	2.2714e-01
8209.55	2.0192e+00	2.2606e-01
8210.33	1.9406e+00	2.2469e-01
8211.10	1.8999e+00	2.2563e-01
8211.88	1.9665e+00	2.2872e-01
8212.65	1.8859e+00	2.3080e-01
8213.43	1.8550e+00	2.2941e-01
8214.20	2.1257e+00	2.2516e-01
8214.97	2.3337e+00	2.2450e-01
8215.75	2.2548e+00	2.2841e-01
8216.52	2.0537e+00	2.2831e-01
8217.30	1.8909e+00	2.3023e-01
8218.07	1.8680e+00	2.3797e-01
8218.85	1.7389e+00	2.4197e-01
8219.62	1.7085e+00	2.3933e-01
8220.40	2.1477e+00	2.3384e-01
8221.17	2.3982e+00	2.3064e-01
8221.95	2.1704e+00	2.3219e-01
8222.72	2.2295e+00	2.3416e-01
8223.50	2.2093e+00	2.3513e-01
8224.27	1.6307e+00	2.3642e-01
8225.05	1.6613e+00	2.3733e-01
8225.82	2.1974e+00	2.4099e-01
8226.60	2.0143e+00	2.4615e-01
8227.37	1.5157e+00	2.6177e-01
8228.15	1.4497e+00	2.8329e-01
8228.92	2.0533e+00	2.9562e-01
8229.70	2.6187e+00	2.9243e-01
8230.47	2.2857e+00	2.7730e-01
8231.25	1.8846e+00	2.6430e-01
8232.02	1.9447e+00	2.6090e-01
8232.80	1.9169e+00	2.5499e-01
8233.57	1.8119e+00	2.4745e-01
8234.35	1.7689e+00	2.4308e-01
8235.12	1.9050e+00	2.3977e-01
8235.90	2.0938e+00	2.3600e-01
8236.67	2.0537e+00	2.3367e-01
8237.45	2.1150e+00	2.3260e-01
8238.22	2.3567e+00	2.3210e-01
8239.00	2.0718e+00	2.3179e-01
8239.77	1.8208e+00	2.3197e-01
8240.54	2.3059e+00	2.3343e-01
8241.32	2.2739e+00	2.3267e-01
8242.09	1.6133e+00	2.3189e-01
8242.87	1.5849e+00	2.3648e-01
8243.64	1.9088e+00	2.4301e-01
8244.42	1.9895e+00	2.4510e-01
8245.19	1.9579e+00	2.3711e-01
8245.97	1.8873e+00	2.2561e-01
8246.74	1.8601e+00	2.2402e-01
8247.52	1.9298e+00	2.2692e-01
8248.29	2.0585e+00	2.2680e-01
8249.07	2.2240e+00	2.2617e-01
8249.84	2.1641e+00	2.2482e-01
8250.62	1.8174e+00	2.2380e-01
8251.39	1.6373e+00	2.2262e-01
8252.17	1.7543e+00	2.2297e-01
8252.94	1.8714e+00	2.2685e-01
8253.72	1.9283e+00	2.2958e-01
8254.49	1.9147e+00	2.2951e-01
8255.27	1.8189e+00	2.3027e-01
8256.04	1.7572e+00	2.3510e-01
8256.82	1.8200e+00	2.4261e-01
8257.59	1.8626e+00	2.4421e-01
8258.37	1.8428e+00	2.3932e-01
8259.14	1.8824e+00	2.3628e-01
8259.92	1.9683e+00	2.3666e-01
8260.69	2.0354e+00	2.3716e-01
8261.47	2.1606e+00	2.3214e-01
8262.24	2.1569e+00	2.2565e-01
8263.02	1.8135e+00	2.2756e-01
8263.79	1.6935e+00	2.3201e-01
8264.57	1.9614e+00	2.3208e-01
8265.34	1.9045e+00	2.2852e-01
8266.11	1.8007e+00	2.2467e-01
8266.89	2.0946e+00	2.2444e-01
8267.66	2.2593e+00	2.2534e-01
8268.44	2.1082e+00	2.2521e-01
8269.21	1.9226e+00	2.2484e-01
8269.99	1.8424e+00	2.2409e-01
8270.76	1.9063e+00	2.2428e-01
8271.54	2.0785e+00	2.2669e-01
8272.31	2.1526e+00	2.3136e-01
8273.09	2.0067e+00	2.3626e-01
8273.86	1.8036e+00	2.4019e-01
8274.64	1.6886e+00	2.4310e-01
8275.41	1.5737e+00	2.4495e-01
8276.19	1.6220e+00	2.4560e-01
8276.96	1.8694e+00	2.4633e-01
8277.74	1.9112e+00	2.5163e-01
8278.51	1.8589e+00	2.5963e-01
8279.29	2.2626e+00	2.6390e-01
8280.06	1.9337e+00	2.6662e-01
8280.84	9.9362e-01	2.7296e-01
8281.61	1.9433e+00	2.8861e-01
8282.39	3.3057e+00	2.9730e-01
8283.16	2.6814e+00	2.8593e-01
8283.94	2.1139e+00	2.5977e-01
8284.71	2.3385e+00	2.3565e-01
8285.49	2.0328e+00	2.3249e-01
8286.26	1.6200e+00	2.4266e-01
8287.04	1.5955e+00	2.5385e-01
8287.81	1.7457e+00	2.8633e-01
8288.59	1.9247e+00	3.1824e-01
8289.36	2.0819e+00	3.2810e-01
8290.14	2.0130e+00	3.0809e-01
8290.91	1.8146e+00	2.6769e-01
8291.69	1.8716e+00	2.3679e-01
8292.46	1.9396e+00	2.2964e-01
8293.23	1.7327e+00	2.2856e-01
8294.01	1.8047e+00	2.3566e-01
8294.78	2.0938e+00	2.4566e-01
8295.56	2.0864e+00	2.5923e-01
8296.33	1.8664e+00	2.6326e-01
8297.11	1.6631e+00	2.6031e-01
8297.88	1.4293e+00	2.6611e-01
8298.66	1.4339e+00	2.8582e-01
8299.43	1.7924e+00	3.0653e-01
8300.21	1.9907e+00	3.0361e-01
8300.98	1.8456e+00	2.7523e-01
8301.76	1.7039e+00	2.4918e-01
8302.53	1.7624e+00	2.3679e-01
8303.31	1.9973e+00	2.3326e-01
8304.08	2.0965e+00	2.4095e-01
8304.86	2.0692e+00	2.4953e-01
8305.63	2.1926e+00	2.5418e-01
8306.41	2.0237e+00	2.4995e-01
8307.18	1.6183e+00	2.3980e-01
8307.96	1.6619e+00	2.3117e-01
8308.73	2.0952e+00	2.3027e-01
8309.51	2.4292e+00	2.3581e-01
8310.28	2.2674e+00	2.4677e-01
8311.06	1.8847e+00	2.5734e-01
8311.83	2.0259e+00	2.6405e-01
8312.61	2.1446e+00	2.6071e-01
8313.38	1.8394e+00	2.4820e-01
8314.16	1.8289e+00	2.3532e-01
8314.93	2.0354e+00	2.2798e-01
8315.71	2.0001e+00	2.2455e-01
8316.48	2.1238e+00	2.2830e-01
8317.26	2.3427e+00	2.3509e-01
8318.03	2.0564e+00	2.4056e-01
8318.80	1.7108e+00	2.4056e-01
8319.58	1.7999e+00	2.3700e-01
8320.35	1.9086e+00	2.3613e-01
8321.13	1.8648e+00	2.4134e-01
8321.90	1.7859e+00	2.4892e-01
8322.68	1.8729e+00	2.4861e-01
8323.45	2.1108e+00	2.3839e-01
8324.23	2.1081e+00	2.3026e-01
8325.00	1.9861e+00	2.2801e-01
8325.78	2.0355e+00	2.2747e-01
8326.55	2.1214e+00	2.2946e-01
8327.33	2.1535e+00	2.3151e-01
8328.10	2.1583e+00	2.3176e-01
8328.88	2.0956e+00	2.3215e-01
8329.65	1.9809e+00	2.3422e-01
8330.43	1.8856e+00	2.3549e-01
8331.20	1.8402e+00	2.3476e-01
8331.98	1.8186e+00	2.3261e-01
8332.75	1.8844e+00	2.3134e-01
8333.53	1.9657e+00	2.3199e-01
8334.30	1.8472e+00	2.3323e-01
8335.08	1.7990e+00	2.3310e-01
8335.85	2.0507e+00	2.3135e-01
8336.63	2.2395e+00	2.2898e-01
8337.40	2.2627e+00	2.2953e-01
8338.18	2.3158e+00	2.3441e-01
8338.95	2.2380e+00	2.4031e-01
8339.73	2.0128e+00	2.4290e-01
8340.50	1.8933e+00	2.3989e-01
8341.28	1.8621e+00	2.3397e-01
8342.05	1.8062e+00	2.3665e-01
8342.83	1.8347e+00	2.5460e-01
8343.60	2.0716e+00	2.9991e-01
8344.38	2.4266e+00	3.6608e-01
8345.15	3.0148e+00	3.9821e-01
8345.92	3.5799e+00	3.7561e-01
8346.70	2.9372e+00	3.1501e-01
8347.47	1.9101e+00	2.4888e-01
8348.25	2.1255e+00	2.2526e-01
8349.02	2.3308e+00	2.3681e-01
8349.80	1.8144e+00	2.3589e-01
8350.57	1.7915e+00	2.3505e-01
8351.35	1.9446e+00	2.4269e-01
8352.12	1.7376e+00	2.6363e-01
8352.90	1.6537e+00	2.8735e-01
8353.67	1.8831e+00	2.9611e-01
8354.45	2.2299e+00	2.7910e-01
8355.22	2.3424e+00	2.5036e-01
8356.00	2.0995e+00	2.3360e-01
8356.77	1.8349e+00	2.2821e-01
8357.55	1.6922e+00	2.2846e-01
8358.32	1.5839e+00	2.2733e-01
8359.10	1.9144e+00	2.2725e-01
8359.87	2.3396e+00	2.2898e-01
8360.65	1.9438e+00	2.3092e-01
8361.42	1.5407e+00	2.3154e-01
8362.20	1.9046e+00	2.3157e-01
8362.97	1.6781e+00	2.3127e-01
8363.75	1.2490e+00	2.3575e-01
8364.52	1.9129e+00	2.4659e-01
8365.30	2.3704e+00	2.5324e-01
8366.07	1.9306e+00	2.5004e-01
8366.85	1.8115e+00	2.4123e-01
8367.62	1.8092e+00	2.3326e-01
8368.40	1.4221e+00	2.3101e-01
8369.17	1.5159e+00	2.3180e-01
8369.95	2.0521e+00	2.3220e-01
8370.72	2.1826e+00	2.3310e-01
8371.49	2.0658e+00	2.3370e-01
8372.27	2.0374e+00	2.3384e-01
8373.04	2.0039e+00	2.3314e-01
8373.82	1.9135e+00	2.3242e-01
8374.59	1.7478e+00	2.3257e-01
8375.37	1.6169e+00	2.3231e-01
8376.14	1.6344e+00	2.3109e-01
8376.92	1.7530e+00	2.3036e-01
8377.69	2.0668e+00	2.2974e-01
8378.47	2.4758e+00	2.2935e-01
8379.24	2.0811e+00	2.3004e-01
8380.02	1.4976e+00	2.3336e-01
8380.79	2.0961e+00	2.3698e-01
8381.57	2.4307e+00	2.5137e-01
8382.34	1.7952e+00	2.7047e-01
8383.12	2.0735e+00	2.7699e-01
8383.89	2.5023e+00	2.6634e-01
8384.67	1.7812e+00	2.4595e-01
8385.44	1.5060e+00	2.3096e-01
8386.22	2.0546e+00	2.2986e-01
8386.99	2.1523e+00	2.3108e-01
8387.77	2.1304e+00	2.3147e-01
8388.54	2.3783e+00	2.3108e-01
8389.32	2.4167e+00	2.3129e-01
8390.09	2.1933e+00	2.3253e-01
8390.87	1.9411e+00	2.3394e-01
8391.64	1.9458e+00	2.3489e-01
8392.42	2.1442e+00	2.3475e-01
8393.19	2.1124e+00	2.3339e-01
8393.97	1.9066e+00	2.3165e-01
8394.74	1.8100e+00	2.3098e-01
8395.52	1.9516e+00	2.3044e-01
8396.29	2.1462e+00	2.3075e-01
8397.06	2.0215e+00	2.2628e-01
8397.84	2.0184e+00	2.5721e-01
8398.61	2.3166e+00	3.1135e-01
8399.39	2.2072e+00	3.5439e-01
8400.16	1.9437e+00	3.5922e-01
8400.94	2.0760e+00	3.1872e-01
8401.71	2.1853e+00	2.6211e-01
8402.49	2.0433e+00	2.3209e-01
8403.26	1.8233e+00	2.2474e-01
8404.04	1.8255e+00	2.3023e-01
8404.81	2.0776e+00	2.2993e-01
8405.59	1.7873e+00	2.2982e-01
8406.36	1.3397e+00	2.2978e-01
8407.14	1.6892e+00	2.3001e-01
8407.91	1.9911e+00	2.3100e-01
8408.69	1.7591e+00	2.3242e-01
8409.46	1.7387e+00	2.3273e-01
8410.24	1.8080e+00	2.3293e-01
8411.01	1.6605e+00	2.3446e-01
8411.79	1.7303e+00	2.3442e-01
8412.56	1.9064e+00	2.3426e-01
8413.34	1.6558e+00	2.3378e-01
8414.11	1.5613e+00	2.4920e-01
8414.89	2.0253e+00	2.7527e-01
8415.66	2.6461e+00	2.9184e-01
8416.44	2.8810e+00	2.8712e-01
8417.21	2.5108e+00	2.6260e-01
8417.99	2.1703e+00	2.3759e-01
8418.76	2.1551e+00	2.3066e-01
8419.54	1.9320e+00	2.3034e-01
8420.31	1.7486e+00	2.3106e-01
8421.09	1.8602e+00	2.3017e-01
8421.86	2.1098e+00	2.3011e-01
8422.64	2.2084e+00	2.3080e-01
8423.41	2.0114e+00	2.3090e-01
8424.18	1.8266e+00	2.3079e-01
8424.96	1.8748e+00	2.3105e-01
8425.73	1.8242e+00	2.3201e-01
8426.51	1.9093e+00	2.3179e-01
8427.28	2.3011e+00	2.3472e-01
8428.06	2.0517e+00	2.3323e-01
8428.83	1.2261e+00	2.5822e-01
8429.61	9.0630e-01	3.2055e-01
8430.38	1.0185e+00	3.6693e-01
8431.16	1.2269e+00	3.7134e-01
8431.93	1.9551e+00	3.3194e-01
8432.71	2.5690e+00	2.7009e-01
8433.48	2.3245e+00	2.3744e-01
8434.26	2.0260e+00	2.3773e-01
8435.03	2.1064e+00	2.3639e-01
8435.81	1.7429e+00	2.3688e-01
8436.58	1.6132e+00	2.3407e-01
8437.36	2.2122e+00	2.3310e-01
8438.13	2.2497e+00	2.3325e-01
8438.91	1.7757e+00	2.3373e-01
8439.68	1.9538e+00	2.3354e-01
8440.46	2.1727e+00	2.3358e-01
8441.23	1.9824e+00	2.3417e-01
8442.01	1.9828e+00	2.3387e-01
8442.78	2.1240e+00	2.3275e-01
8443.56	2.1212e+00	2.3199e-01
8444.33	2.1033e+00	2.3175e-01
8445.11	2.1591e+00	2.3267e-01
8445.88	2.2284e+00	2.3515e-01
8446.66	2.3555e+00	2.3723e-01
8447.43	2.4795e+00	2.3703e-01
8448.21	2.1839e+00	2.3422e-01
8448.98	1.8647e+00	2.3037e-01
8449.75	2.2012e+00	2.2818e-01
8450.53	2.2284e+00	2.3292e-01
8451.30	1.7584e+00	2.4703e-01
8452.08	2.1073e+00	2.6931e-01
8452.85	2.6831e+00	2.8132e-01
8453.63	2.5201e+00	2.7341e-01
8454.40	2.0584e+00	2.5342e-01
8455.18	1.7773e+00	2.3598e-01
8455.95	1.8233e+00	2.3110e-01
8456.73	2.0338e+00	2.3462e-01
8457.50	2.0820e+00	2.3503e-01
8458.28	1.9415e+00	2.3573e-01
8459.05	1.7258e+00	2.3645e-01
8459.83	1.6558e+00	2.3776e-01
8460.60	1.5497e+00	2.3865e-01
8461.38	1.5035e+00	2.3904e-01
8462.15	1.8917e+00	2.3970e-01
8462.93	2.3015e+00	2.3888e-01
8463.70	2.2895e+00	2.4449e-01
8464.48	2.0590e+00	2.8359e-01
8465.25	1.8155e+00	3.2732e-01
8466.03	1.5834e+00	3.4553e-01
8466.80	1.8846e+00	3.2600e-01
8467.58	2.4710e+00	2.7779e-01
8468.35	2.2073e+00	2.4010e-01
8469.13	1.6423e+00	2.3378e-01
8469.90	1.7941e+00	2.3105e-01
8470.68	1.9735e+00	2.3224e-01
8471.45	1.9458e+00	2.3050e-01
8472.23	2.0827e+00	2.3033e-01
8473.00	2.2506e+00	2.3052e-01
8473.78	2.2878e+00	2.3102e-01
8474.55	2.3077e+00	2.3308e-01
8475.33	2.1412e+00	2.3477e-01
8476.10	1.6726e+00	2.3384e-01
8476.87	1.4146e+00	2.3233e-01
8477.65	1.5323e+00	2.3202e-01
8478.42	1.5636e+00	2.3184e-01
8479.20	1.6743e+00	2.3249e-01
8479.97	2.0200e+00	2.3404e-01
8480.75	2.0830e+00	2.3466e-01
8481.52	1.9212e+00	2.3448e-01
8482.30	2.0104e+00	2.3503e-01
8483.07	1.9920e+00	2.3548e-01
8483.85	1.7373e+00	2.3547e-01
8484.62	1.7875e+00	2.3611e-01
8485.40	1.9507e+00	2.3681e-01
8486.17	1.8310e+00	2.3652e-01
8486.95	1.8235e+00	2.3600e-01
8487.72	1.9739e+00	2.3533e-01
8488.50	1.8932e+00	2.3381e-01
8489.27	1.8452e+00	2.3281e-01
8490.05	2.0048e+00	2.3360e-01
8490.82	1.8011e+00	2.3257e-01
8491.60	1.5570e+00	2.3431e-01
8492.37	1.8884e+00	2.4240e-01
8493.15	2.1937e+00	2.5609e-01
8493.92	2.0722e+00	2.6609e-01
8494.70	1.8572e+00	2.6221e-01
8495.47	1.7328e+00	2.4883e-01
8496.25	1.7674e+00	2.3845e-01
8497.02	2.0234e+00	2.3477e-01
8497.80	2.2335e+00	2.3555e-01
8498.57	2.1092e+00	2.3525e-01
8499.35	1.8421e+00	2.3428e-01
8500.12	1.7506e+00	2.3473e-01
8500.90	2.0128e+00	2.3726e-01
8501.67	2.1567e+00	2.3878e-01
8502.44	1.7270e+00	2.3808e-01
8503.22	1.6734e+00	2.4535e-01
8503.99	2.1898e+00	2.6507e-01
8504.77	2.3603e+00	2.9035e-01
8505.54	2.2752e+00	3.0013e-01
8506.32	2.2690e+00	2.8613e-01
8507.09	2.1383e+00	2.6041e-01
8507.87	2.0521e+00	2.3988e-01
8508.64	2.2615e+00	2.3370e-01
8509.42	2.1984e+00	2.3645e-01
8510.19	1.8084e+00	2.3548e-01
8510.97	2.0145e+00	2.3493e-01
8511.74	2.3159e+00	2.3477e-01
8512.52	2.0031e+00	2.3656e-01
8513.29	1.7129e+00	2.4155e-01
8514.07	1.8088e+00	2.4733e-01
8514.84	2.0896e+00	2.4987e-01
8515.62	2.2954e+00	2.4878e-01
8516.39	2.2374e+00	2.4669e-01
8517.17	1.9744e+00	2.4560e-01
8517.94	1.8337e+00	2.4686e-01
8518.72	2.0445e+00	2.4895e-01
8519.49	2.0500e+00	2.4869e-01
8520.27	1.7377e+00	2.4511e-01
8521.04	1.7510e+00	2.4146e-01
8521.82	1.8723e+00	2.3897e-01
8522.59	1.7628e+00	2.3729e-01
8523.37	1.7105e+00	2.3580e-01
8524.14	1.7303e+00	2.3406e-01
8524.92	1.6441e+00	2.3324e-01
8525.69	1.6998e+00	2.3263e-01
8526.47	1.9404e+00	2.3185e-01
8527.24	2.0562e+00	2.3206e-01
8528.01	1.9772e+00	2.3236e-01
8528.79	1.8471e+00	2.3181e-01
8529.56	1.8086e+00	2.3174e-01
8530.34	1.9050e+00	2.3233e-01
8531.11	2.0170e+00	2.3215e-01
8531.89	2.0298e+00	2.3254e-01
8532.66	1.9366e+00	2.3429e-01
8533.44	1.9985e+00	2.3559e-01
8534.21	2.0177e+00	2.3610e-01
8534.99	1.6717e+00	2.3663e-01
8535.76	1.5634e+00	2.3718e-01
8536.54	1.7941e+00	2.3907e-01
8537.31	1.6134e+00	2.4211e-01
8538.09	1.4467e+00	2.4771e-01
8538.86	1.7840e+00	2.5406e-01
8539.64	1.9584e+00	2.5482e-01
8540.41	1.8385e+00	2.4941e-01
8541.19	1.8336e+00	2.4298e-01
8541.96	1.8429e+00	2.3893e-01
8542.74	1.7889e+00	2.3779e-01
8543.51	1.7549e+00	2.3753e-01
8544.29	1.7806e+00	2.3656e-01
8545.06	1.8345e+00	2.3575e-01
8545.84	1.9559e+00	2.3484e-01
8546.61	1.9758e+00	2.3618e-01
8547.39	1.6527e+00	2.4002e-01
8548.16	1.3652e+00	2.4982e-01
8548.94	1.4628e+00	2.6136e-01
8549.71	1.7601e+00	2.6284e-01
8550.49	1.9731e+00	2.5363e-01
8551.26	1.9679e+00	2.4288e-01
8552.04	1.7767e+00	2.3597e-01
8552.81	1.6770e+00	2.3475e-01
8553.59	1.8524e+00	2.3670e-01
8554.36	2.2484e+00	2.3798e-01
8555.13	2.5638e+00	2.3735e-01
8555.91	2.3478e+00	2.3771e-01
8556.68	1.8628e+00	2.3916e-01
8557.46	1.7934e+00	2.3863e-01
8558.23	2.0498e+00	2.3868e-01
8559.01	2.2327e+00	2.4054e-01
8559.78	2.1055e+00	2.4051e-01
8560.56	1.9352e+00	2.3911e-01
8561.33	2.1442e+00	2.3883e-01
8562.11	2.2129e+00	2.3831e-01
8562.88	2.0146e+00	2.3702e-01
8563.66	2.0728e+00	2.3648e-01
8564.43	2.1562e+00	2.3575e-01
8565.21	1.9788e+00	2.3414e-01
8565.98	1.6852e+00	2.3414e-01
8566.76	1.5210e+00	2.3470e-01
8567.53	1.6093e+00	2.3321e-01
8568.31	1.9476e+00	2.3251e-01
8569.08	2.2249e+00	2.3403e-01
8569.86	2.0501e+00	2.3454e-01
8570.63	1.6791e+00	2.3495e-01
8571.41	1.5857e+00	2.3698e-01
8572.18	1.8912e+00	2.3917e-01
8572.96	2.1641e+00	2.4072e-01
8573.73	1.7824e+00	2.4144e-01
8574.51	1.4421e+00	2.4206e-01
8575.28	1.7145e+00	2.4307e-01
8576.06	1.8537e+00	2.4382e-01
8576.83	1.8288e+00	2.4369e-01
8577.61	2.0092e+00	2.4253e-01
8578.38	1.9767e+00	2.4166e-01
8579.16	1.7418e+00	2.4132e-01
8579.93	1.7938e+00	2.4038e-01
8580.70	2.0607e+00	2.3895e-01
8581.48	2.2046e+00	2.3765e-01
8582.25	1.9245e+00	2.3674e-01
8583.03	1.5115e+00	2.3606e-01
8583.80	1.5376e+00	2.3558e-01
8584.58	1.8295e+00	2.3503e-01
8585.35	2.0079e+00	2.3457e-01
8586.13	1.9676e+00	2.3387e-01
8586.90	1.8509e+00	2.3526e-01
8587.68	1.9127e+00	2.3956e-01
8588.45	1.9324e+00	2.4361e-01
8589.23	1.9369e+00	2.4455e-01
8590.00	2.2492e+00	2.4214e-01
8590.78	2.3133e+00	2.3884e-01
8591.55	1.8634e+00	2.3758e-01
8592.33	1.6370e+00	2.3794e-01
8593.10	1.7886e+00	2.3878e-01
8593.88	1.9386e+00	2.3932e-01
8594.65	1.9835e+00	2.3967e-01
8595.43	1.9580e+00	2.4174e-01
8596.20	2.1286e+00	2.4676e-01
8596.98	2.1920e+00	2.5253e-01
8597.75	1.8943e+00	2.5546e-01
8598.53	1.8885e+00	2.5246e-01
8599.30	2.1088e+00	2.4614e-01
8600.08	1.9488e+00	2.4264e-01
8600.85	1.5864e+00	2.4208e-01
8601.63	1.3925e+00	2.4167e-01
8602.40	1.5596e+00	2.4121e-01
8603.18	1.8143e+00	2.4037e-01
8603.95	1.7718e+00	2.3998e-01
8604.73	1.7517e+00	2.3921e-01
8605.50	1.9365e+00	2.3786e-01
8606.28	2.1566e+00	2.3692e-01
8607.05	2.1843e+00	2.3646e-01
8607.82	1.9835e+00	2.3621e-01
8608.60	1.9590e+00	2.3584e-01
8609.37	2.0808e+00	2.3578e-01
8610.15	1.9596e+00	2.3669e-01
8610.92	2.1302e+00	2.3824e-01
8611.70	2.6012e+00	2.3998e-01
8612.47	2.6201e+00	2.4144e-01
8613.25	2.1764e+00	2.4281e-01
8614.02	1.7389e+00	2.4457e-01
8614.80	1.5670e+00	2.4675e-01
8615.57	1.6220e+00	2.4959e-01
8616.35	1.5444e+00	2.5191e-01
8617.12	1.6610e+00	2.5506e-01
8617.90	2.0680e+00	2.5977e-01
8618.67	2.1560e+00	2.6415e-01
8619.45	1.9610e+00	2.6714e-01
8620.22	1.9084e+00	2.6827e-01
8621.00	1.8784e+00	2.7058e-01
8621.77	1.8532e+00	2.7478e-01
8622.55	1.9527e+00	2.7633e-01
8623.32	2.1012e+00	2.7713e-01
8624.10	2.1533e+00	2.7958e-01
8624.87	1.6708e+00	2.8272e-01
8625.65	1.2357e+00	2.8407e-01
8626.42	1.7449e+00	2.8114e-01
8627.20	2.3032e+00	2.8045e-01
8627.97	2.2161e+00	2.8466e-01
8628.75	2.0328e+00	2.8780e-01
8629.52	2.1032e+00	2.8601e-01
8630.30	2.4352e+00	2.8018e-01
8631.07	2.0971e+00	2.7900e-01
8631.85	1.2663e+00	2.8327e-01
8632.62	1.2307e+00	2.8516e-01
8633.39	1.4586e+00	2.8117e-01
8634.17	1.3335e+00	2.7389e-01
8634.94	1.5235e+00	2.7163e-01
8635.72	2.0300e+00	2.7530e-01
8636.49	2.4502e+00	2.7889e-01
8637.27	2.4838e+00	2.7417e-01
8638.04	2.2766e+00	2.6286e-01
8638.82	2.3189e+00	2.5994e-01
8639.59	2.5036e+00	2.6383e-01
8640.37	2.4693e+00	2.6462e-01
8641.14	2.2625e+00	2.6236e-01
8641.92	1.9625e+00	2.5732e-01
8642.69	1.7258e+00	2.5266e-01
8643.47	1.5252e+00	2.4904e-01
8644.24	1.4376e+00	2.4678e-01
8645.02	1.9994e+00	2.4584e-01
8645.79	2.4355e+00	2.4901e-01
8646.57	1.9234e+00	2.5713e-01
8647.34	1.6545e+00	2.6196e-01
8648.12	1.9877e+00	2.6306e-01
8648.89	1.9026e+00	2.6514e-01
8649.67	1.7513e+00	2.7311e-01
8650.44	1.9103e+00	2.8435e-01
8651.22	1.7136e+00	2.8939e-01
8651.99	1.4346e+00	2.8546e-01
8652.77	1.7564e+00	2.7729e-01
8653.54	1.8934e+00	2.7316e-01
8654.32	1.5784e+00	2.7834e-01
8655.09	1.6064e+00	2.9006e-01
8655.87	1.9813e+00	2.9556e-01
8656.64	2.2942e+00	2.8836e-01
8657.42	2.4845e+00	2.7176e-01
8658.19	2.4374e+00	2.6130e-01
8658.96	2.1080e+00	2.6880e-01
8659.74	1.9198e+00	2.8685e-01
8660.51	2.0330e+00	2.9772e-01
8661.29	1.8957e+00	2.9423e-01
8662.06	1.6409e+00	2.7818e-01
8662.84	1.6655e+00	2.6244e-01
8663.61	2.2925e+00	2.6395e-01
8664.39	2.9428e+00	2.8119e-01
8665.16	2.4882e+00	2.9714e-01
8665.94	1.7150e+00	2.9938e-01
8666.71	1.6879e+00	2.8810e-01
8667.49	1.7622e+00	2.6926e-01
8668.26	1.7305e+00	2.5999e-01
8669.04	1.8344e+00	2.6856e-01
8669.81	1.6956e+00	2.8515e-01
8670.59	1.3633e+00	2.9293e-01
8671.36	1.4767e+00	2.8840e-01
8672.14	1.8075e+00	2.7257e-01
8672.91	1.8437e+00	2.5602e-01
8673.69	1.9277e+00	2.5111e-01
8674.46	2.1178e+00	2.5980e-01
8675.24	2.1706e+00	2.7115e-01
8676.01	1.9841e+00	2.7600e-01
8676.79	1.7044e+00	2.7152e-01
8677.56	1.7340e+00	2.6005e-01
8678.34	1.9739e+00	2.4916e-01
8679.11	2.0061e+00	2.4538e-01
8679.89	1.9286e+00	2.5050e-01
8680.66	1.7223e+00	2.5779e-01
8681.44	1.1012e+00	2.6263e-01
8682.21	8.0771e-01	2.6070e-01
8682.99	1.3175e+00	2.5392e-01
8683.76	1.7982e+00	2.4628e-01
8684.54	1.8663e+00	2.4357e-01
8685.31	1.8610e+00	2.4636e-01
8686.08	1.7672e+00	2.5244e-01
8686.86	1.6641e+00	2.5663e-01
8687.63	1.5911e+00	2.5732e-01
8688.41	1.6284e+00	2.5340e-01
8689.18	1.7564e+00	2.4720e-01
8689.96	1.7873e+00	2.4299e-01
8690.73	1.6588e+00	2.4317e-01
8691.51	1.4410e+00	2.4537e-01
8692.28	1.5524e+00	2.4839e-01
8693.06	1.9984e+00	2.5058e-01
8693.83	1.8930e+00	2.4992e-01
8694.61	1.3814e+00	2.4735e-01
8695.38	1.2678e+00	2.4561e-01
8696.16	1.4441e+00	2.4503e-01
8696.93	1.6358e+00	2.4531e-01
8697.71	1.7820e+00	2.4593e-01
8698.48	1.7092e+00	2.4741e-01
8699.26	1.4726e+00	2.4973e-01
8700.03	1.7384e+00	2.5089e-01
8700.81	2.1647e+00	2.5016e-01
8701.58	1.7142e+00	2.4882e-01
8702.36	1.4302e+00	2.4626e-01
8703.13	1.9136e+00	2.4318e-01
8703.91	1.8587e+00	2.4256e-01
8704.68	1.4906e+00	2.4351e-01
8705.46	1.6610e+00	2.4367e-01
8706.23	1.5527e+00	2.4623e-01
8707.01	1.1283e+00	2.5156e-01
8707.78	1.3360e+00	2.5653e-01
8708.56	1.6667e+00	2.5776e-01
8709.33	1.5005e+00	2.5472e-01
8710.11	1.2236e+00	2.4974e-01
8710.88	1.1156e+00	2.4618e-01
8711.65	1.1679e+00	2.4538e-01
8712.43	1.5493e+00	2.4488e-01
8713.20	1.9432e+00	2.4293e-01
8713.98	1.5397e+00	2.4273e-01
8714.75	1.1448e+00	2.4347e-01
8715.53	1.6797e+00	2.4349e-01
8716.30	1.7314e+00	2.4415e-01
8717.08	1.2192e+00	2.4515e-01
8717.85	1.3994e+00	2.4494e-01
8718.63	1.8623e+00	2.4452e-01
8719.40	2.0087e+00	2.4481e-01
8720.18	1.9261e+00	2.4518e-01
8720.95	1.8723e+00	2.4494e-01
8721.73	2.0927e+00	2.4390e-01
8722.50	2.0009e+00	2.4306e-01
8723.28	1.6143e+00	2.4290e-01
8724.05	1.7933e+00	2.4290e-01
8724.83	2.0367e+00	2.4276e-01
8725.60	1.7565e+00	2.4260e-01
8726.38	1.6654e+00	2.4384e-01
8727.15	1.8103e+00	2.4544e-01
8727.93	1.7463e+00	2.4519e-01
8728.70	1.5559e+00	2.4476e-01
8729.48	1.4964e+00	2.4556e-01
8730.25	1.8685e+00	2.4646e-01
8731.03	2.2336e+00	2.4660e-01
8731.80	2.0844e+00	2.4580e-01
8732.58	1.8419e+00	2.4567e-01
8733.35	1.8516e+00	2.4628e-01
8734.13	2.1398e+00	2.4584e-01
8734.90	1.9905e+00	2.4531e-01
8735.68	1.2438e+00	2.4568e-01
8736.45	1.5208e+00	2.4582e-01
8737.23	2.1282e+00	2.4586e-01
8738.00	1.3811e+00	2.4644e-01
8738.77	1.3228e+00	2.4721e-01
8739.55	2.4303e+00	2.4761e-01
8740.32	2.3411e+00	2.4746e-01
8741.10	1.7377e+00	2.4670e-01
8741.87	1.9441e+00	2.4572e-01
8742.65	2.0246e+00	2.4549e-01
8743.42	1.7768e+00	2.4577e-01
8744.20	1.6765e+00	2.4539e-01
8744.97	1.7339e+00	2.4536e-01
8745.75	1.8321e+00	2.4615e-01
8746.52	1.9226e+00	2.4614e-01
8747.30	1.8191e+00	2.4596e-01
8748.07	1.4831e+00	2.4679e-01
8748.85	1.6668e+00	2.4743e-01
8749.62	2.1649e+00	2.4752e-01
8750.40	1.7513e+00	2.4776e-01
8751.17	1.4607e+00	2.4818e-01
8751.95	2.1286e+00	2.4850e-01
8752.72	2.0634e+00	2.4785e-01
8753.50	1.5867e+00	2.4726e-01
8754.27	2.0876e+00	2.4829e-01
8755.05	2.5554e+00	2.4910e-01
8755.82	2.3213e+00	2.4943e-01
8756.60	1.9662e+00	2.4869e-01
8757.37	1.8652e+00	2.5375e-01
8758.15	2.0654e+00	2.6773e-01
8758.92	2.1156e+00	2.7808e-01
8759.70	1.8366e+00	2.8817e-01
8760.47	1.4973e+00	3.0431e-01
8761.25	1.5574e+00	3.2254e-01
8762.02	2.0295e+00	3.3107e-01
8762.80	2.2052e+00	3.1432e-01
8763.57	2.0430e+00	2.7960e-01
8764.34	1.9997e+00	2.5559e-01
8765.12	1.7149e+00	2.5272e-01
8765.89	1.3388e+00	2.7242e-01
8766.67	1.4934e+00	3.0498e-01
8767.44	1.8328e+00	3.3801e-01
8768.22	1.8594e+00	3.5860e-01
8768.99	1.7886e+00	3.4822e-01
8769.77	1.8201e+00	3.1144e-01
8770.54	2.0436e+00	2.7412e-01
8771.32	1.9421e+00	2.5334e-01
8772.09	1.4716e+00	2.4890e-01
8772.87	1.4536e+00	2.5066e-01
8773.64	1.6897e+00	2.5038e-01
8774.42	1.6159e+00	2.5450e-01
8775.19	1.5517e+00	2.7181e-01
8775.97	1.5621e+00	3.0008e-01
8776.74	1.4545e+00	3.2011e-01
8777.52	1.3341e+00	3.4551e-01
8778.29	1.3421e+00	3.7248e-01
8779.07	1.4278e+00	3.7612e-01
8779.84	1.6467e+00	3.4842e-01
8780.62	2.0266e+00	2.9852e-01
8781.39	1.9895e+00	2.5777e-01
8782.17	1.6566e+00	2.5150e-01
8782.94	2.0280e+00	2.5333e-01
8783.72	2.2979e+00	2.5141e-01
8784.49	1.6910e+00	2.4827e-01
8785.27	1.5561e+00	2.4666e-01
8786.04	2.0268e+00	2.4643e-01
8786.82	2.1295e+00	2.4514e-01
8787.59	1.9854e+00	2.4324e-01
8788.37	1.8716e+00	2.4388e-01
8789.14	1.7338e+00	2.4429e-01
8789.91	1.7988e+00	2.5567e-01
8790.69	2.1349e+00	2.7837e-01
8791.46	1.9754e+00	2.9398e-01
8792.24	1.4241e+00	2.9197e-01
8793.01	1.5092e+00	2.7383e-01
8793.79	1.7419e+00	2.5294e-01
8794.56	1.5744e+00	2.4575e-01
8795.34	1.7450e+00	2.4705e-01
8796.11	2.0783e+00	2.4949e-01
8796.89	1.9745e+00	2.5109e-01
8797.66	1.8254e+00	2.5223e-01
8798.44	1.8836e+00	2.5411e-01
8799.21	1.8898e+00	2.5575e-01
8799.99	1.7870e+00	2.5631e-01
8800.76	1.6392e+00	2.5552e-01
8801.54	1.7246e+00	2.5540e-01
8802.31	1.9110e+00	2.5563e-01
8803.09	1.8532e+00	2.5404e-01
8803.86	1.5225e+00	2.5215e-01
8804.64	1.2403e+00	2.5120e-01
8805.41	1.5494e+00	2.5046e-01
8806.19	2.0400e+00	2.4913e-01
8806.96	1.9964e+00	2.4739e-01
8807.74	1.7873e+00	2.4690e-01
8808.51	1.7603e+00	2.4842e-01
8809.29	1.8478e+00	2.5094e-01
8810.06	1.9175e+00	2.5287e-01
8810.84	1.8385e+00	2.5292e-01
8811.61	1.8672e+00	2.5050e-01
8812.39	1.8481e+00	2.4692e-01
8813.16	1.4771e+00	2.4439e-01
8813.94	1.3692e+00	2.4378e-01
8814.71	1.7261e+00	2.4449e-01
8815.49	1.8727e+00	2.4564e-01
8816.26	1.8455e+00	2.4684e-01
8817.03	1.9494e+00	2.4830e-01
8817.81	2.0151e+00	2.4914e-01
8818.58	1.9913e+00	2.4983e-01
8819.36	1.9583e+00	2.5095e-01
8820.13	1.8393e+00	2.5271e-01
8820.91	1.7041e+00	2.5481e-01
8821.68	2.1859e+00	2.5635e-01
8822.46	2.5028e+00	2.5682e-01
8823.23	1.6904e+00	2.6054e-01
8824.01	1.2068e+00	2.6024e-01
8824.78	1.5879e+00	2.8221e-01
8825.56	1.4947e+00	3.2691e-01
8826.33	1.3886e+00	4.0439e-01
8827.11	1.8709e+00	4.7770e-01
8827.88	2.7955e+00	4.9195e-01
8828.66	3.1813e+00	4.3959e-01
8829.43	2.1891e+00	3.5056e-01
8830.21	1.1769e+00	2.7099e-01
8830.98	1.1905e+00	2.5679e-01
8831.76	1.3483e+00	2.6660e-01
8832.53	1.4141e+00	2.6675e-01
8833.31	1.4566e+00	2.6927e-01
8834.08	1.5842e+00	2.6534e-01
8834.86	1.6152e+00	2.7239e-01
8835.63	1.0244e+00	3.0381e-01
8836.41	1.0159e+00	3.3843e-01
8837.18	2.0680e+00	3.5262e-01
8837.96	2.4032e+00	3.3219e-01
8838.73	1.8723e+00	2.8779e-01
8839.51	1.6018e+00	2.5536e-01
8840.28	1.5259e+00	2.4625e-01
8841.06	1.5779e+00	2.4702e-01
8841.83	1.8712e+00	2.4983e-01
8842.60	1.9887e+00	2.4949e-01
8843.38	1.7025e+00	2.5096e-01
8844.15	1.4022e+00	2.5265e-01
8844.93	1.4269e+00	2.5519e-01
8845.70	1.7326e+00	2.5924e-01
8846.48	2.0166e+00	2.6045e-01
8847.25	2.0034e+00	2.5973e-01
8848.03	1.8763e+00	2.6043e-01
8848.80	1.6291e+00	2.7068e-01
8849.58	1.2821e+00	2.8813e-01
8850.35	1.2048e+00	2.9836e-01
8851.13	1.4674e+00	2.9345e-01
8851.90	1.8486e+00	2.7646e-01
8852.68	1.8683e+00	2.5949e-01
8853.45	1.4547e+00	2.5439e-01
8854.23	1.2879e+00	2.5452e-01
8855.00	1.4747e+00	2.5389e-01
8855.78	1.5659e+00	2.5382e-01
8856.55	1.5475e+00	2.5293e-01
8857.33	1.4739e+00	2.5154e-01
8858.10	1.4002e+00	2.5124e-01
8858.88	1.4095e+00	2.5079e-01
8859.65	1.5185e+00	2.4912e-01
8860.43	1.4677e+00	2.4910e-01
8861.20	1.4636e+00	2.5141e-01
8861.98	2.0857e+00	2.5368e-01
8862.75	2.0625e+00	2.5586e-01
8863.53	1.0570e+00	2.5794e-01
8864.30	1.2934e+00	2.5654e-01
8865.08	2.0876e+00	2.5541e-01
8865.85	1.5949e+00	2.5884e-01
8866.63	1.2325e+00	2.8417e-01
8867.40	1.7418e+00	3.1684e-01
8868.18	2.2792e+00	3.3315e-01
8868.95	2.4778e+00	3.2182e-01
8869.72	2.2779e+00	2.8888e-01
8870.50	1.7383e+00	2.6166e-01
8871.27	1.3507e+00	2.5648e-01
8872.05	1.4775e+00	2.5392e-01
8872.82	1.8180e+00	2.5416e-01
8873.60	1.9821e+00	2.5480e-01
8874.37	2.2270e+00	2.5513e-01
8875.15	2.1425e+00	2.5489e-01
8875.92	1.5336e+00	2.5525e-01
8876.70	1.4889e+00	2.5520e-01
8877.47	2.0308e+00	2.5479e-01
8878.25	2.0093e+00	2.5506e-01
8879.02	1.8666e+00	2.5500e-01
8879.80	2.0460e+00	2.5405e-01
8880.57	1.7992e+00	2.5395e-01
8881.35	1.4041e+00	2.5390e-01
8882.12	1.5223e+00	2.5565e-01
8882.90	1.6512e+00	2.5068e-01
8883.67	1.5181e+00	2.6170e-01
8884.45	1.7335e+00	2.9685e-01
8885.22	1.5035e+00	3.6536e-01
8886.00	5.1255e-01	4.3163e-01
8886.77	9.4611e-01	4.4112e-01
8887.55	2.3722e+00	3.9028e-01
8888.32	2.3954e+00	3.1674e-01
8889.10	2.0765e+00	2.6137e-01
8889.87	2.3749e+00	2.5562e-01
8890.65	2.2611e+00	2.6186e-01
8891.42	1.8191e+00	2.5762e-01
8892.20	1.5379e+00	2.5729e-01
8892.97	1.6557e+00	2.5702e-01
8893.75	1.9453e+00	2.5687e-01
8894.52	1.9209e+00	2.5718e-01
8895.29	1.6682e+00	2.5835e-01
8896.07	1.5409e+00	2.5985e-01
8896.84	1.6708e+00	2.5981e-01
8897.62	1.9389e+00	2.5842e-01
8898.39	2.0469e+00	2.5764e-01
8899.17	2.0103e+00	2.5703e-01
8899.94	1.8410e+00	2.5775e-01
8900.72	1.4301e+00	2.5381e-01
8901.49	1.0908e+00	2.6578e-01
8902.27	1.0937e+00	2.9781e-01
8903.04	1.4765e+00	3.3529e-01
8903.82	1.8003e+00	3.5243e-01
8904.59	1.5784e+00	3.3380e-01
8905.37	1.3815e+00	2.9488e-01
8906.14	1.6195e+00	2.6672e-01
8906.92	1.5778e+00	2.5643e-01
8907.69	1.4121e+00	2.5937e-01
8908.47	1.5604e+00	2.6054e-01
8909.24	1.9300e+00	2.6138e-01
8910.02	2.1486e+00	2.6163e-01
8910.79	1.8398e+00	2.6057e-01
8911.57	1.4496e+00	2.5827e-01
8912.34	1.4848e+00	2.5597e-01
8913.12	1.6305e+00	2.5498e-01
8913.89	1.7130e+00	2.5549e-01
8914.67	1.7851e+00	2.5705e-01
8915.44	1.6358e+00	2.5655e-01
8916.22	1.3445e+00	2.5759e-01
8916.99	1.5104e+00	2.5296e-01
8917.77	1.4431e+00	2.7520e-01
8918.54	6.0419e-01	3.2680e-01
8919.32	6.1771e-01	4.0430e-01
8920.09	1.7455e+00	4.5477e-01
8920.86	2.6891e+00	4.3824e-01
8921.64	2.7093e+00	3.7003e-01
8922.41	1.9930e+00	2.9597e-01
8923.19	1.6318e+00	2.5447e-01
8923.96	1.7216e+00	2.5938e-01
8924.74	1.5494e+00	2.5906e-01
8925.51	1.4341e+00	2.5863e-01
8926.29	1.5083e+00	2.5979e-01
8927.06	1.6352e+00	2.6189e-01
8927.84	1.6894e+00	2.6410e-01
8928.61	1.6342e+00	2.6588e-01
8929.39	1.5697e+00	2.6581e-01
8930.16	1.5650e+00	2.6430e-01
8930.94	1.6294e+00	2.6290e-01
8931.71	1.4861e+00	2.6194e-01
8932.49	1.1919e+00	2.6161e-01
8933.26	1.4553e+00	2.6226e-01
8934.04	1.7415e+00	2.6372e-01
8934.81	1.2888e+00	2.6283e-01
8935.59	1.3400e+00	2.7108e-01
8936.36	1.6958e+00	2.6811e-01
8937.14	8.3497e-01	2.1154e-01
8939.46	5.0057e-02	1.2851e-01
8940.24	2.1956e-23	1.0000e-01
8941.01	1.7380e-23	1.0000e-01
8941.79	1.5012e-23	1.0000e-01
8942.56	1.8163e-23	1.0000e-01
8943.34	1.8838e-23	1.0000e-01
8944.11	2.1733e-23	1.0000e-01
8944.89	3.0171e-23	1.0000e-01
8945.66	2.9764e-23	1.0000e-01
8946.44	2.2143e-23	1.0000e-01
8947.21	2.1810e-23	1.0000e-01
8947.98	2.2381e-23	1.0000e-01
8948.76	1.7991e-23	1.0000e-01
8949.53	1.3489e-23	1.0000e-01
8950.31	1.3684e-23	1.0000e-01
8951.08	1.9679e-23	1.0000e-01
8951.86	2.2466e-23	1.0000e-01
8952.63	1.9598e-23	1.0000e-01
8953.41	1.9230e-23	1.0000e-01
8954.18	1.9767e-23	1.0000e-01
8954.96	1.9078e-23	1.0000e-01
8955.73	2.0794e-23	1.0000e-01
8956.51	2.5088e-23	1.0000e-01
8957.28	2.8347e-23	1.0000e-01
8958.06	3.3665e-23	1.0000e-01
8958.83	3.8649e-23	1.0000e-01
8959.61	3.4903e-23	1.0000e-01
8960.38	2.5123e-23	1.0000e-01
8961.16	1.7372e-23	1.0000e-01
8961.93	1.5858e-23	1.0000e-01
8962.71	1.6917e-23	1.0000e-01
8963.48	1.3185e-23	1.0000e-01
8964.26	1.0055e-23	1.0000e-01
8965.03	1.2060e-23	1.0000e-01
8965.81	1.2644e-23	1.0000e-01
8966.58	1.2501e-23	1.0000e-01
8967.36	1.5336e-23	1.0000e-01
8968.13	1.7477e-23	1.0000e-01
8968.91	1.7804e-23	1.0000e-01
8969.68	1.9031e-23	1.0000e-01
8970.46	1.9889e-23	1.0000e-01
8971.23	1.9074e-23	1.0000e-01
8972.01	1.9681e-23	1.0000e-01
8972.78	2.0436e-23	1.0000e-01
8973.55	1.7962e-23	1.0000e-01
8974.33	1.5252e-23	1.0000e-01
8975.10	1.4754e-23	1.0000e-01
8975.88	1.4794e-23	1.0000e-01
8976.65	1.5259e-23	1.0000e-01
8977.43	1.6213e-23	1.0000e-01
8978.20	1.9207e-23	1.0000e-01
8978.98	2.1654e-23	1.0000e-01
8979.75	1.8749e-23	1.0000e-01
8980.53	1.5475e-23	1.0000e-01
8981.30	1.6516e-23	1.0000e-01
8982.08	1.7311e-23	1.0000e-01
8982.85	1.7679e-23	1.0000e-01
8983.63	1.9444e-23	1.0000e-01
8984.40	2.0349e-23	1.0000e-01
8985.18	1.8550e-23	1.0000e-01
8985.95	1.4133e-23	1.0000e-01
8986.73	1.0677e-23	1.0000e-01
8987.50	1.0872e-23	1.0000e-01
8988.28	1.3053e-23	1.0000e-01
8989.05	1.4279e-23	1.0000e-01
8989.83	1.3236e-23	1.0000e-01
8990.60	1.2721e-23	1.0000e-01
8991.38	1.4212e-23	1.0000e-01
8992.15	1.1958e-23	1.0000e-01
8992.93	1.1242e-23	1.0000e-01
8993.70	1.7679e-23	1.0000e-01
8994.48	2.4087e-23	1.0000e-01
8995.25	2.4919e-23	1.0000e-01
8996.03	2.1886e-23	1.0000e-01
8996.80	1.7215e-23	1.0000e-01
8997.58	1.4935e-23	1.0000e-01
8998.35	1.4309e-23	1.0000e-01
8999.13	1.3480e-23	1.0000e-01
